"","sensor","acquisitionDate","path","row","sceneCenterLatitude","sceneCenterLongitude","cloudCover","cloudCoverFull","year","doy"
"1","LANDSAT_MSS",1980-12-15,"176",36,"34.45","52.4",0,1,"1980",350
"2","LANDSAT_MSS",1980-11-27,"176",36,"34.46667","52.38334",0,1,"1980",332
"3","LANDSAT_MSS",1979-07-21,"176",36,"34.48333","52.3",0,2,"1979",202
"4","LANDSAT_MSS",1979-07-03,"176",36,"34.51667","52.21667",0,2,"1979",184
"5","LANDSAT_MSS",1979-06-15,"176",36,"34.48333","52.23333",0,2,"1979",166
"6","LANDSAT_MSS",1978-09-18,"176",36,"34.48333","52.4",0,3,"1978",261
"7","LANDSAT_MSS",1978-07-08,"176",36,"34.48333","52.41667",0,1,"1978",189
"8","LANDSAT_MSS",1978-06-20,"176",36,"34.48333","52.4",0,7,"1978",171
"9","LANDSAT_MSS",1978-04-27,"176",36,"34.46667","52.33333",0,4,"1978",117
"10","LANDSAT_MSS",1978-03-22,"176",36,"34.46667","52.35",3,39,"1978",81
"11","LANDSAT_MSS",1978-03-04,"176",36,"34.501","52.291",0,1,"1978",63
"12","LANDSAT_MSS",1977-07-31,"176",36,"34.55","52.16666",0,4,"1977",212
"13","LANDSAT_MSS",1977-07-13,"176",36,"34.53333","52.18333",0,4,"1977",194
"14","LANDSAT_MSS",1977-06-07,"176",36,"34.5","52.21667",0,4,"1977",158
"15","LANDSAT_MSS",1977-05-20,"176",36,"34.66667","52.23333",8,86,"1977",140
"16","LANDSAT_MSS",1977-05-02,"176",36,"34.5","52.2",2,21,"1977",122
"17","LANDSAT_MSS",1977-03-09,"176",36,"34.51667","52.08333",0,4,"1977",68
"18","LANDSAT_MSS",1976-12-09,"176",36,"34.5","52.21667",0,5,"1976",344
"19","LANDSAT_MSS",1976-11-21,"176",36,"34.5166","52.15",0,4,"1976",326
"20","LANDSAT_MSS",1976-11-03,"176",36,"34.48333","52.13334",3,37,"1976",308
"21","LANDSAT_MSS",1976-09-10,"176",36,"34.65","52.21667",0,3,"1976",254
"22","LANDSAT_MSS",1976-08-23,"176",36,"34.7","52.25",0,4,"1976",236
"23","LANDSAT_MSS",1976-06-30,"176",36,"34.5","52.25",0,4,"1976",182
"24","LANDSAT_MSS",1976-06-12,"176",36,"34.5","52.2",0,3,"1976",164
"25","LANDSAT_MSS",1976-05-25,"176",36,"34.53333","52.2",0,5,"1976",146
"26","LANDSAT_MSS",1976-02-25,"176",36,"34.53333","52.15",6,61,"1976",56
"27","LANDSAT_MSS",1975-10-04,"176",36,"34.5","52.28329",0,1,"1975",277
"28","LANDSAT_MSS",1975-06-18,"176",36,"34.53333","52.2",0,3,"1975",169
"29","LANDSAT_MSS",1975-03-02,"176",36,"34.66667","52.4",0,6,"1975",61
"30","LANDSAT_MSS",1973-01-26,"176",36,"34.48333","52.33333",7,80,"1973",26
"31","LANDSAT_MSS",1973-01-08,"176",36,"34.5609","52.354",2,27,"1973",8
"32","LANDSAT_MSS",1972-12-21,"176",36,"34.48333","52.31667",0,6,"1972",356
"33","LANDSAT_MSS",1972-12-03,"176",36,"34.48333","52.28333",0,2,"1972",338
"34","LANDSAT_MSS",1972-09-22,"176",36,"34.53333","52.33333",2,25,"1972",266
"35","LANDSAT_MSS",1972-09-04,"176",36,"34.48382","52.28247",0,4,"1972",248
"36","LANDSAT_TM",2011-11-02,"176",36,"34.62231","33.09759",3,32.01,"2011",306
"37","LANDSAT_TM",2011-10-17,"176",36,"34.61665","33.1037",0,1.83,"2011",290
"38","LANDSAT_TM",2011-10-01,"176",36,"34.61226","33.11277",0,1.06,"2011",274
"39","LANDSAT_TM",2011-08-30,"176",36,"34.62396","33.08821",1,11.55,"2011",242
"40","LANDSAT_TM",2011-07-29,"176",36,"34.62101","33.09579",0,0,"2011",210
"41","LANDSAT_TM",2011-07-13,"176",36,"34.61977","33.09263",0,0.14,"2011",194
"42","LANDSAT_TM",2011-04-24,"176",36,"34.61559","33.10561",3,35.02,"2011",114
"43","LANDSAT_TM",2011-04-08,"176",36,"34.62277","33.09637",1,16.83,"2011",98
"44","LANDSAT_TM",2011-03-07,"176",36,"34.62074","33.09753",4,47.73,"2011",66
"45","LANDSAT_TM",2011-02-19,"176",36,"34.62072","33.0999",2,29.31,"2011",50
"46","LANDSAT_TM",2011-02-03,"176",36,"34.61434","33.10792",8,86.04,"2011",34
"47","LANDSAT_TM",2011-01-18,"176",36,"34.61492","33.11326",3,40.59,"2011",18
"48","LANDSAT_TM",2011-01-02,"176",36,"34.61185","33.1104",4,47.29,"2011",2
"49","LANDSAT_TM",2010-11-15,"176",36,"34.62106","33.10066",2,22.79,"2010",319
"50","LANDSAT_TM",2010-10-30,"176",36,"34.61938","33.0706",2,28.22,"2010",303
"51","LANDSAT_TM",2010-10-14,"176",36,"34.62364","33.05317",0,0.25,"2010",287
"52","LANDSAT_TM",2010-09-28,"176",36,"34.62951","33.06087",0,0.96,"2010",271
"53","LANDSAT_TM",2010-08-27,"176",36,"34.6245","33.0877",0,0.08,"2010",239
"54","LANDSAT_TM",2010-07-10,"176",36,"34.61682","33.1005",0,2.62,"2010",191
"55","LANDSAT_TM",2010-06-24,"176",36,"34.61391","33.10207",1,15.72,"2010",175
"56","LANDSAT_TM",2010-05-07,"176",36,"34.61555","33.09137",0,0.99,"2010",127
"57","LANDSAT_TM",2010-04-21,"176",36,"34.62277","33.09197",1,14.39,"2010",111
"58","LANDSAT_TM",2010-04-05,"176",36,"34.62169","33.0885",0,0,"2010",95
"59","LANDSAT_TM",2010-03-04,"176",36,"34.62097","33.08853",6,65.16,"2010",63
"60","LANDSAT_TM",2010-02-16,"176",36,"34.61595","33.09226",3,33.05,"2010",47
"61","LANDSAT_TM",2010-01-31,"176",36,"34.61443","33.09442",1,16.57,"2010",31
"62","LANDSAT_TM",2010-01-15,"176",36,"34.62175","33.09807",4,48.48,"2010",15
"63","LANDSAT_TM",2009-12-14,"176",36,"34.61827","33.10207",2,27.85,"2009",348
"64","LANDSAT_TM",2009-11-28,"176",36,"34.61393","33.11098",0,9.51,"2009",332
"65","LANDSAT_TM",2009-11-12,"176",36,"34.6121","33.10812",0,10.54,"2009",316
"66","LANDSAT_TM",2009-10-27,"176",36,"34.61687","33.10328",2,23.93,"2009",300
"67","LANDSAT_TM",2009-10-11,"176",36,"34.61416","33.10044",0,0,"2009",284
"68","LANDSAT_TM",2009-09-25,"176",36,"34.61975","33.10275",0,0,"2009",268
"69","LANDSAT_TM",2009-09-09,"176",36,"34.62048","33.10673",1,12.06,"2009",252
"70","LANDSAT_TM",2009-08-24,"176",36,"34.61793","33.1114",0,0,"2009",236
"71","LANDSAT_TM",2009-08-08,"176",36,"34.61477","33.1153",0,8.84,"2009",220
"72","LANDSAT_TM",2009-07-23,"176",36,"34.61132","33.11203",0,0.09,"2009",204
"73","LANDSAT_TM",2009-07-07,"176",36,"34.61897","33.11427",0,3.2,"2009",188
"74","LANDSAT_TM",2009-06-21,"176",36,"34.61561","33.11612",0,0.31,"2009",172
"75","LANDSAT_TM",2009-06-05,"176",36,"34.61087","33.1236",0,0.36,"2009",156
"76","LANDSAT_TM",2009-05-20,"176",36,"34.61116","33.11988",1,20.13,"2009",140
"77","LANDSAT_TM",2009-05-04,"176",36,"34.60962","33.12488",2,28.3,"2009",124
"78","LANDSAT_TM",2007-09-04,"176",36,"34.61053","33.12397",0,0,"2007",247
"79","LANDSAT_TM",2007-05-31,"176",36,"34.63265","33.03505",0,0,"2007",151
"80","LANDSAT_TM",2007-05-15,"176",36,"34.63892","33.01014",2,30,"2007",135
"81","LANDSAT_TM",2006-09-17,"176",36,"34.61987","33.10231",0,0,"2006",260
"82","LANDSAT_TM",2006-09-01,"176",36,"34.61486","33.11047",0,0,"2006",244
"83","LANDSAT_TM",2003-10-11,"176",36,"34.61842","33.10021",0,0,"2003",284
"84","LANDSAT_TM",2003-09-25,"176",36,"34.61752","33.09633",0,0,"2003",268
"85","LANDSAT_TM",2003-09-09,"176",36,"34.61635","33.09488",0,0,"2003",252
"86","LANDSAT_TM",2003-08-08,"176",36,"34.61563","33.10471",0,0,"2003",220
"87","LANDSAT_TM",2003-07-23,"176",36,"34.61743","33.10676",0,0,"2003",204
"88","LANDSAT_TM",2003-07-07,"176",36,"34.62033","33.10098",0,10,"2003",188
"89","LANDSAT_TM",2002-06-18,"176",36,"34.63449","33.02451",0,0,"2002",169
"90","LANDSAT_TM",2002-05-17,"176",36,"34.63309","33.01469",0,0,"2002",137
"91","LANDSAT_TM",2000-09-16,"176",36,"34.62721","33.07036",0,10,"2000",260
"92","LANDSAT_TM",2000-08-15,"176",36,"34.62082","33.07237",0,0,"2000",228
"93","LANDSAT_TM",2000-07-30,"176",36,"34.61317","33.10505",0,0,"2000",212
"94","LANDSAT_TM",2000-05-11,"176",36,"34.62736","33.04151",0,0,"2000",132
"95","LANDSAT_TM",2000-04-09,"176",36,"34.60612","33.17094",3,40,"2000",100
"96","LANDSAT_TM",2000-03-24,"176",36,"34.60953","33.1273",0,0,"2000",84
"97","LANDSAT_TM",2000-02-21,"176",36,"34.63449","33.02478",4,50,"2000",52
"98","LANDSAT_TM",2000-02-05,"176",36,"34.6377","32.99021",4,50,"2000",36
"99","LANDSAT_TM",2000-01-04,"176",36,"34.64164","32.97194",5,60,"2000",4
"100","LANDSAT_TM",1999-08-13,"176",36,"34.63831","33.01001",0,0,"1999",225
"101","LANDSAT_TM",1999-03-22,"176",36,"34.62148","33.06813",4,50,"1999",81
"102","LANDSAT_TM",1999-02-02,"176",36,"34.62397","33.07966",0,0,"1999",33
"103","LANDSAT_TM",1999-01-17,"176",36,"34.61208","33.11668",3,40,"1999",17
"104","LANDSAT_TM",1998-10-29,"176",36,"34.61199","33.13549",0,10,"1998",302
"105","LANDSAT_TM",1998-10-13,"176",36,"34.60798","33.1341",1,20,"1998",286
"106","LANDSAT_TM",1998-09-11,"176",36,"34.61489","33.11729",0,0,"1998",254
"107","LANDSAT_TM",1998-08-26,"176",36,"34.61227","33.1163",1,20,"1998",238
"108","LANDSAT_TM",1998-06-07,"176",36,"34.61487","33.11805",0,0,"1998",158
"109","LANDSAT_TM",1998-04-20,"176",36,"34.61041","33.15714",0,0,"1998",110
"110","LANDSAT_TM",1990-08-12,"176",36,"34.6277","33.03851",0,0,"1990",224
"111","LANDSAT_TM",1990-08-04,"176",36,"34.62067","33.06274",0,0,"1990",216
"112","LANDSAT_TM",1990-05-08,"176",36,"34.63121","33.03654",1,20,"1990",128
"113","LANDSAT_TM",1989-12-31,"176",36,"34.62687","33.0567",2,30,"1989",365
"114","LANDSAT_TM",1989-12-15,"176",36,"34.62865","33.03828",0,0,"1989",349
"115","LANDSAT_TM",1989-08-09,"176",36,"34.62497","33.06317",0,0,"1989",221
"116","LANDSAT_TM",1988-11-26,"176",36,"34.61752","33.0886",0,0,"1988",331
"117","LANDSAT_TM",1988-10-25,"176",36,"34.60879","33.13924",0,0,"1988",299
"118","LANDSAT_TM",1988-01-11,"176",36,"34.60281","33.1691",5,60,"1988",11
"119","LANDSAT_TM",1987-12-10,"176",36,"34.59733","33.20656",5,60,"1987",344
"120","LANDSAT_TM",1987-10-15,"176",36,"34.60724","33.1553",0,0,"1987",288
"121","LANDSAT_TM",1987-09-29,"176",36,"34.61134","33.14935",0,0,"1987",272
"122","LANDSAT_TM",1987-09-13,"176",36,"34.60649","33.14822",0,0,"1987",256
"123","LANDSAT_TM",1987-08-28,"176",36,"34.60827","33.15606",0,0,"1987",240
"124","LANDSAT_TM",1987-08-12,"176",36,"34.60089","33.16741",0,0,"1987",224
"125","LANDSAT_TM",1987-07-27,"176",36,"34.60397","33.18932",0,0,"1987",208
"126","LANDSAT_TM",1987-07-11,"176",36,"34.60596","33.17574",0,0,"1987",192
"127","LANDSAT_TM",1987-06-25,"176",36,"34.60729","33.14587",0,0,"1987",176
"128","LANDSAT_TM",1987-06-09,"176",36,"34.61599","33.12429",0,0,"1987",160
"129","LANDSAT_TM",1987-05-24,"176",36,"34.61788","33.10892",0,10,"1987",144
"130","LANDSAT_TM",1987-05-08,"176",36,"34.61422","33.10048",7,80,"1987",128
"131","LANDSAT_TM",1987-04-22,"176",36,"34.61646","33.10196",0,0,"1987",112
"132","LANDSAT_TM",1987-04-06,"176",36,"34.61671","33.11068",0,0,"1987",96
"133","LANDSAT_TM",1987-02-01,"176",36,"34.59957","33.17581",0,0,"1987",32
"134","LANDSAT_TM",1986-12-15,"176",36,"34.62012","33.08818",3,40,"1986",349
"135","LANDSAT_TM",1986-11-29,"176",36,"34.62496","33.05099",1,20,"1986",333
"136","LANDSAT_TM",1986-11-13,"176",36,"34.64199","32.99666",0,0,"1986",317
"137","LANDSAT_TM",1985-06-19,"176",36,"34.61782","33.07538",0,10,"1985",170
"138","LANDSAT_TM",1984-10-22,"176",36,"34.62286","33.07473",0,0,"1984",296
"139","LANDSAT_TM",1984-09-04,"176",36,"34.64598","32.94349",0,0,"1984",248
"140","LANDSAT_TM",1984-08-03,"176",36,"34.62797","33.00528",0,0,"1984",216
"141","LANDSAT_TM",1984-07-18,"176",36,"34.61622","33.08639",0,0,"1984",200
"142","LANDSAT_TM",1984-07-02,"176",36,"34.61423","33.09877",0,0,"1984",184
"143","LANDSAT_ETM_SLC_OFF",2016-07-18,"176",36,"34.60616","33.12789",0,0.26,"2016",200
"144","LANDSAT_ETM_SLC_OFF",2016-06-16,"176",36,"34.60603","33.11136",0,0.11,"2016",168
"145","LANDSAT_ETM_SLC_OFF",2016-05-31,"176",36,"34.60608","33.11276",0,0,"2016",152
"146","LANDSAT_ETM_SLC_OFF",2016-04-29,"176",36,"34.60585","33.11341",0,0.02,"2016",120
"147","LANDSAT_ETM_SLC_OFF",2016-04-13,"176",36,"34.60563","33.12296",2,23.84,"2016",104
"148","LANDSAT_ETM_SLC_OFF",2016-03-28,"176",36,"34.60562","33.12399",2,29.76,"2016",88
"149","LANDSAT_ETM_SLC_OFF",2016-03-12,"176",36,"34.60524","33.11917",0,0.65,"2016",72
"150","LANDSAT_ETM_SLC_OFF",2016-02-25,"176",36,"34.60485","33.13438",2,22.48,"2016",56
"151","LANDSAT_ETM_SLC_OFF",2016-02-09,"176",36,"34.60471","33.10812",5,51.14,"2016",40
"152","LANDSAT_ETM_SLC_OFF",2016-01-24,"176",36,"34.6041","33.098",7,72.06,"2016",24
"153","LANDSAT_ETM_SLC_OFF",2016-01-08,"176",36,"34.60371","33.10584",5,51.69,"2016",8
"154","LANDSAT_ETM_SLC_OFF",2015-12-23,"176",36,"34.60377","33.11753",1,15.47,"2015",357
"155","LANDSAT_ETM_SLC_OFF",2015-12-07,"176",36,"34.60372","33.12752",0,0.11,"2015",341
"156","LANDSAT_ETM_SLC_OFF",2015-11-21,"176",36,"34.60324","33.12778",4,44.18,"2015",325
"157","LANDSAT_ETM_SLC_OFF",2015-11-05,"176",36,"34.60334","33.13972",2,29.86,"2015",309
"158","LANDSAT_ETM_SLC_OFF",2015-10-20,"176",36,"34.60302","33.12951",0,0.41,"2015",293
"159","LANDSAT_ETM_SLC_OFF",2015-10-04,"176",36,"34.60301","33.1429",0,0.63,"2015",277
"160","LANDSAT_ETM_SLC_OFF",2015-09-02,"176",36,"34.60624","33.12569",0,0.02,"2015",245
"161","LANDSAT_ETM_SLC_OFF",2015-08-17,"176",36,"34.60627","33.11539",0,0,"2015",229
"162","LANDSAT_ETM_SLC_OFF",2015-07-16,"176",36,"34.60588","33.11517",0,0.05,"2015",197
"163","LANDSAT_ETM_SLC_OFF",2015-06-30,"176",36,"34.60573","33.12535",0,5.19,"2015",181
"164","LANDSAT_ETM_SLC_OFF",2015-06-14,"176",36,"34.60565","33.11574",3,37.14,"2015",165
"165","LANDSAT_ETM_SLC_OFF",2015-05-29,"176",36,"34.60557","33.12481",2,21.43,"2015",149
"166","LANDSAT_ETM_SLC_OFF",2015-05-13,"176",36,"34.60564","33.11724",4,49.66,"2015",133
"167","LANDSAT_ETM_SLC_OFF",2015-04-27,"176",36,"34.60563","33.12849",1,18.28,"2015",117
"168","LANDSAT_ETM_SLC_OFF",2015-04-11,"176",36,"34.60519","33.12337",2,27,"2015",101
"169","LANDSAT_ETM_SLC_OFF",2015-03-26,"176",36,"34.60517","33.12925",0,0.38,"2015",85
"170","LANDSAT_ETM_SLC_OFF",2015-03-10,"176",36,"34.60487","33.13654",0,0.68,"2015",69
"171","LANDSAT_ETM_SLC_OFF",2015-02-06,"176",36,"34.60647","33.09767",2,29.67,"2015",37
"172","LANDSAT_ETM_SLC_OFF",2015-01-21,"176",36,"34.60595","33.12812",1,20.3,"2015",21
"173","LANDSAT_ETM_SLC_OFF",2015-01-05,"176",36,"34.60553","33.11764",7,77.74,"2015",5
"174","LANDSAT_ETM_SLC_OFF",2014-12-20,"176",36,"34.60567","33.1057",2,27.23,"2014",354
"175","LANDSAT_ETM_SLC_OFF",2014-12-04,"176",36,"34.60545","33.12222",3,36.18,"2014",338
"176","LANDSAT_ETM_SLC_OFF",2014-11-18,"176",36,"34.60503","33.13566",0,0.57,"2014",322
"177","LANDSAT_ETM_SLC_OFF",2014-11-02,"176",36,"34.60489","33.12008",8,85.44,"2014",306
"178","LANDSAT_ETM_SLC_OFF",2014-09-15,"176",36,"34.60452","33.14315",0,0.38,"2014",258
"179","LANDSAT_ETM_SLC_OFF",2014-08-30,"176",36,"34.60666","33.12042",0,0.51,"2014",242
"180","LANDSAT_ETM_SLC_OFF",2014-08-14,"176",36,"34.60626","33.10844",0,0,"2014",226
"181","LANDSAT_ETM_SLC_OFF",2014-07-29,"176",36,"34.60579","33.10682",0,0.21,"2014",210
"182","LANDSAT_ETM_SLC_OFF",2014-07-13,"176",36,"34.60596","33.12011",0,2.73,"2014",194
"183","LANDSAT_ETM_SLC_OFF",2014-06-27,"176",36,"34.60561","33.11591",0,0,"2014",178
"184","LANDSAT_ETM_SLC_OFF",2014-03-23,"176",36,"34.6053","33.12195",5,56.09,"2014",82
"185","LANDSAT_ETM_SLC_OFF",2014-03-07,"176",36,"34.60487","33.11874",2,21.63,"2014",66
"186","LANDSAT_ETM_SLC_OFF",2014-02-19,"176",36,"34.60462","33.10857",0,0.56,"2014",50
"187","LANDSAT_ETM_SLC_OFF",2014-02-03,"176",36,"34.60666","33.00425",1,18.81,"2014",34
"188","LANDSAT_ETM_SLC_OFF",2014-01-18,"176",36,"34.60622","33.06357",1,12.71,"2014",18
"189","LANDSAT_ETM_SLC_OFF",2014-01-02,"176",36,"34.60561","33.10461",5,57.77,"2014",2
"190","LANDSAT_ETM_SLC_OFF",2013-12-17,"176",36,"34.6059","33.12346",4,43.76,"2013",351
"191","LANDSAT_ETM_SLC_OFF",2013-12-01,"176",36,"34.60528","33.10606",7,76.89,"2013",335
"192","LANDSAT_ETM_SLC_OFF",2013-11-15,"176",36,"34.60517","33.11804",5,53.5,"2013",319
"193","LANDSAT_ETM_SLC_OFF",2013-10-30,"176",36,"34.60496","33.12053",0,0,"2013",303
"194","LANDSAT_ETM_SLC_OFF",2013-10-14,"176",36,"34.60476","33.10798",0,0,"2013",287
"195","LANDSAT_ETM_SLC_OFF",2013-09-28,"176",36,"34.60483","33.13058",0,5.2,"2013",271
"196","LANDSAT_ETM_SLC_OFF",2013-08-11,"176",36,"34.60419","33.14443",0,3.19,"2013",223
"197","LANDSAT_ETM_SLC_OFF",2013-07-26,"176",36,"34.60879","33.10608",0,0,"2013",207
"198","LANDSAT_ETM_SLC_OFF",2013-07-10,"176",36,"34.60851","33.11192",0,3.25,"2013",191
"199","LANDSAT_ETM_SLC_OFF",2013-06-24,"176",36,"34.6082","33.09212",0,0.09,"2013",175
"200","LANDSAT_ETM_SLC_OFF",2013-05-23,"176",36,"34.60806","33.08537",0,0.94,"2013",143
"201","LANDSAT_ETM_SLC_OFF",2013-05-07,"176",36,"34.608","33.09921",0,0.12,"2013",127
"202","LANDSAT_ETM_SLC_OFF",2013-04-21,"176",36,"34.60757","33.11034",2,25.27,"2013",111
"203","LANDSAT_ETM_SLC_OFF",2013-04-05,"176",36,"34.60764","33.10196",0,0,"2013",95
"204","LANDSAT_ETM_SLC_OFF",2013-03-20,"176",36,"34.60768","33.10614",0,0,"2013",79
"205","LANDSAT_ETM_SLC_OFF",2013-03-04,"176",36,"34.6074","33.10492",3,39.45,"2013",63
"206","LANDSAT_ETM_SLC_OFF",2013-02-16,"176",36,"34.60703","33.1001",2,24.79,"2013",47
"207","LANDSAT_ETM_SLC_OFF",2013-01-15,"176",36,"34.60632","33.11447",1,11.1,"2013",15
"208","LANDSAT_ETM_SLC_OFF",2012-12-30,"176",36,"34.60592","33.10105",1,16.06,"2012",365
"209","LANDSAT_ETM_SLC_OFF",2012-12-14,"176",36,"34.60583","33.11123",2,26.08,"2012",349
"210","LANDSAT_ETM_SLC_OFF",2012-11-28,"176",36,"34.60551","33.11855",5,51.66,"2012",333
"211","LANDSAT_ETM_SLC_OFF",2012-11-12,"176",36,"34.60543","33.1174",1,11.85,"2012",317
"212","LANDSAT_ETM_SLC_OFF",2012-10-27,"176",36,"34.60518","33.11303",1,12.54,"2012",301
"213","LANDSAT_ETM_SLC_OFF",2012-10-11,"176",36,"34.605","33.12653",1,14.39,"2012",285
"214","LANDSAT_ETM_SLC_OFF",2012-09-25,"176",36,"34.60448","33.12575",0,0.23,"2012",269
"215","LANDSAT_ETM_SLC_OFF",2012-09-09,"176",36,"34.60423","33.12735",0,1.23,"2012",253
"216","LANDSAT_ETM_SLC_OFF",2012-08-24,"176",36,"34.60442","33.13351",0,0,"2012",237
"217","LANDSAT_ETM_SLC_OFF",2012-05-20,"176",36,"34.60351","32.96484",3,34.73,"2012",141
"218","LANDSAT_ETM_SLC_OFF",2012-05-04,"176",36,"34.60714","32.96965",3,36.86,"2012",125
"219","LANDSAT_ETM_SLC_OFF",2012-04-02,"176",36,"34.60727","33.09723",0,0.39,"2012",93
"220","LANDSAT_ETM_SLC_OFF",2012-03-17,"176",36,"34.60681","33.09738",0,0.75,"2012",77
"221","LANDSAT_ETM_SLC_OFF",2012-01-29,"176",36,"34.6059","33.10605",7,73.96,"2012",29
"222","LANDSAT_ETM_SLC_OFF",2012-01-13,"176",36,"34.60583","33.09278",2,25.14,"2012",13
"223","LANDSAT_ETM_SLC_OFF",2011-12-28,"176",36,"34.60537","33.08664",1,16.39,"2011",362
"224","LANDSAT_ETM_SLC_OFF",2011-12-12,"176",36,"34.60556","33.11272",6,66.02,"2011",346
"225","LANDSAT_ETM_SLC_OFF",2011-11-26,"176",36,"34.60548","33.1044",0,0.63,"2011",330
"226","LANDSAT_ETM_SLC_OFF",2011-11-10,"176",36,"34.60529","33.11731",0,10.02,"2011",314
"227","LANDSAT_ETM_SLC_OFF",2011-07-21,"176",36,"34.60799","33.10308",0,0,"2011",202
"228","LANDSAT_ETM_SLC_OFF",2011-07-05,"176",36,"34.60791","33.10806",0,0.27,"2011",186
"229","LANDSAT_ETM_SLC_OFF",2011-06-19,"176",36,"34.60786","33.1046",0,0.41,"2011",170
"230","LANDSAT_ETM_SLC_OFF",2011-05-02,"176",36,"34.60741","33.10603",0,3.58,"2011",122
"231","LANDSAT_ETM_SLC_OFF",2010-12-25,"176",36,"34.60527","33.1237",1,16.41,"2010",359
"232","LANDSAT_ETM_SLC_OFF",2010-12-09,"176",36,"34.60533","33.12012",0,1.35,"2010",343
"233","LANDSAT_ETM_SLC_OFF",2010-11-07,"176",36,"34.6048","33.1307",0,9.65,"2010",311
"234","LANDSAT_ETM_SLC_OFF",2010-10-22,"176",36,"34.60444","33.12424",2,27.24,"2010",295
"235","LANDSAT_ETM_SLC_OFF",2010-06-16,"176",36,"34.60704","33.11525",0,0.04,"2010",167
"236","LANDSAT_ETM_SLC_OFF",2010-05-31,"176",36,"34.60676","33.1091",0,0.02,"2010",151
"237","LANDSAT_ETM_SLC_OFF",2010-04-29,"176",36,"34.6068","33.07267",5,53.78,"2010",119
"238","LANDSAT_ETM_SLC_OFF",2010-04-13,"176",36,"34.60645","33.05366",2,21.11,"2010",103
"239","LANDSAT_ETM_SLC_OFF",2010-01-07,"176",36,"34.60492","33.08927",0,0.49,"2010",7
"240","LANDSAT_ETM_SLC_OFF",2009-12-22,"176",36,"34.60448","33.1106",1,14.61,"2009",356
"241","LANDSAT_ETM_SLC_OFF",2009-09-01,"176",36,"34.60809","33.08844",0,0.32,"2009",244
"242","LANDSAT_ETM_SLC_OFF",2009-08-16,"176",36,"34.6074","33.10236",0,0,"2009",228
"243","LANDSAT_ETM_SLC_OFF",2009-07-15,"176",36,"34.60746","33.07697",0,0.33,"2009",196
"244","LANDSAT_ETM_SLC_OFF",2009-06-29,"176",36,"34.60756","33.06374",0,0.12,"2009",180
"245","LANDSAT_ETM_SLC_OFF",2009-02-21,"176",36,"34.60605","33.11533",2,27.01,"2009",52
"246","LANDSAT_ETM_SLC_OFF",2009-01-20,"176",36,"34.60535","33.12228",2,23.8,"2009",20
"247","LANDSAT_ETM_SLC_OFF",2008-12-19,"176",36,"34.6287","33.0128",0,0.19,"2008",354
"248","LANDSAT_ETM_SLC_OFF",2008-11-17,"176",36,"34.6482","32.9948",0,1,"2008",322
"249","LANDSAT_ETM_SLC_OFF",2008-11-01,"176",36,"34.6528","32.9932",0,1.53,"2008",306
"250","LANDSAT_ETM_SLC_OFF",2008-10-16,"176",36,"34.6543","32.9962",0,7.22,"2008",290
"251","LANDSAT_ETM_SLC_OFF",2008-09-30,"176",36,"34.6574","32.9245",1,16.19,"2008",274
"252","LANDSAT_ETM_SLC_OFF",2008-09-14,"176",36,"34.6512","32.9271",0,1.59,"2008",258
"253","LANDSAT_ETM_SLC_OFF",2008-08-29,"176",36,"34.642","32.9318",0,0.43,"2008",242
"254","LANDSAT_ETM_SLC_OFF",2008-08-13,"176",36,"34.6308","32.9387",0,0.1,"2008",226
"255","LANDSAT_ETM_SLC_OFF",2008-07-28,"176",36,"34.6175","32.9487",0,0.18,"2008",210
"256","LANDSAT_ETM_SLC_OFF",2008-07-12,"176",36,"34.6041","32.9415",0,0.24,"2008",194
"257","LANDSAT_ETM_SLC_OFF",2008-06-10,"176",36,"34.5796","32.9203",0,2.79,"2008",162
"258","LANDSAT_ETM_SLC_OFF",2008-05-25,"176",36,"34.5704","32.9207",0,4.6,"2008",146
"259","LANDSAT_ETM_SLC_OFF",2008-04-07,"176",36,"34.5621","32.9668",1,19.4,"2008",98
"260","LANDSAT_ETM_SLC_OFF",2008-03-06,"176",36,"34.5729","33.0093",3,31.78,"2008",66
"261","LANDSAT_ETM_SLC_OFF",2008-02-03,"176",36,"34.594","32.9932",0,9.73,"2008",34
"262","LANDSAT_ETM_SLC_OFF",2008-01-18,"176",36,"34.6061","32.9846",0,9.4,"2008",18
"263","LANDSAT_ETM_SLC_OFF",2007-12-17,"176",36,"34.6296","32.9694",2,21.04,"2007",351
"264","LANDSAT_ETM_SLC_OFF",2007-09-28,"176",36,"34.6503","32.9538",0,0,"2007",271
"265","LANDSAT_ETM_SLC_OFF",2007-09-12,"176",36,"34.644","32.9652",0,1.23,"2007",255
"266","LANDSAT_ETM_SLC_OFF",2007-08-27,"176",36,"34.6353","32.956",0,0.3,"2007",239
"267","LANDSAT_ETM_SLC_OFF",2007-05-23,"176",36,"34.5731","32.9805",0,0.25,"2007",143
"268","LANDSAT_ETM_SLC_OFF",2007-05-07,"176",36,"34.5684","32.9706",0,3.55,"2007",127
"269","LANDSAT_ETM_SLC_OFF",2007-01-31,"176",36,"34.5971","33.0252",2,23.16,"2007",31
"270","LANDSAT_ETM_SLC_OFF",2007-01-15,"176",36,"34.6076","33.0374",1,19.97,"2007",15
"271","LANDSAT_ETM_SLC_OFF",2006-12-30,"176",36,"34.618","33.0121",3,34.89,"2006",364
"272","LANDSAT_ETM_SLC_OFF",2006-12-14,"176",36,"34.6275","32.9911",0,1.06,"2006",348
"273","LANDSAT_ETM_SLC_OFF",2006-11-28,"176",36,"34.6351","32.9805",0,0.1,"2006",332
"274","LANDSAT_ETM_SLC_OFF",2006-11-12,"176",36,"34.6403","32.9807",3,34.44,"2006",316
"275","LANDSAT_ETM_SLC_OFF",2006-10-27,"176",36,"34.6426","32.9915",1,18.12,"2006",300
"276","LANDSAT_ETM_SLC_OFF",2006-07-07,"176",36,"34.6001","32.968",0,3.1,"2006",188
"277","LANDSAT_ETM_SLC_OFF",2006-06-05,"176",36,"34.5834","32.9581",0,0,"2006",156
"278","LANDSAT_ETM_SLC_OFF",2006-05-20,"176",36,"34.5773","32.9689",0,0.09,"2006",140
"279","LANDSAT_ETM_SLC_OFF",2006-04-18,"176",36,"34.5729","33.022",9,94.01,"2006",108
"280","LANDSAT_ETM_SLC_OFF",2006-03-17,"176",36,"34.5783","33.0148",4,47.14,"2006",76
"281","LANDSAT_ETM_SLC_OFF",2006-03-01,"176",36,"34.5844","33.0174",3,40.97,"2006",60
"282","LANDSAT_ETM_SLC_OFF",2005-11-09,"176",36,"34.6354","33.0139",0,0.71,"2005",313
"283","LANDSAT_ETM_SLC_OFF",2005-10-24,"176",36,"34.6367","33.0152",0,0,"2005",297
"284","LANDSAT_ETM_SLC_OFF",2005-07-04,"176",36,"34.5997","33.0074",0,2.74,"2005",185
"285","LANDSAT_ETM_SLC_OFF",2005-06-18,"176",36,"34.5922","33.018",0,0,"2005",169
"286","LANDSAT_ETM_SLC_OFF",2005-06-02,"176",36,"34.5861","33.0064",2,29.84,"2005",153
"287","LANDSAT_ETM_SLC_OFF",2005-05-17,"176",36,"34.5816","33.0039",0,0,"2005",137
"288","LANDSAT_ETM_SLC_OFF",2005-04-15,"176",36,"34.5791","33.0437",3,31.21,"2005",105
"289","LANDSAT_ETM_SLC_OFF",2005-03-14,"176",36,"34.5845","33.0192",1,14.96,"2005",73
"290","LANDSAT_ETM_SLC_OFF",2005-02-26,"176",36,"34.5896","33.0252",0,0.74,"2005",57
"291","LANDSAT_ETM_SLC_OFF",2004-12-08,"176",36,"34.6227","33.0411",1,20.27,"2004",343
"292","LANDSAT_ETM_SLC_OFF",2004-11-06,"176",36,"34.6299","33.0227",0,4.14,"2004",311
"293","LANDSAT_ETM_SLC_OFF",2004-10-21,"176",36,"34.6305","33.025",0,0,"2004",295
"294","LANDSAT_ETM_SLC_OFF",2004-10-05,"176",36,"34.6338","32.9853",0,6.66,"2004",279
"295","LANDSAT_ETM_SLC_OFF",2004-09-19,"176",36,"34.6305","32.9995",0,0,"2004",263
"296","LANDSAT_ETM_SLC_OFF",2004-05-30,"176",36,"34.5899","33.0049",0,0.5,"2004",151
"297","LANDSAT_ETM_SLC_OFF",2004-05-14,"176",36,"34.5864","33.0088",0,0,"2004",135
"298","LANDSAT_ETM_SLC_OFF",2004-04-28,"176",36,"34.5855","33.0328",0,5.91,"2004",119
"299","LANDSAT_ETM_SLC_OFF",2004-04-12,"176",36,"34.5849","33.0327",0,0,"2004",103
"300","LANDSAT_ETM_SLC_OFF",2004-03-27,"176",36,"34.5867","33.017",7,73.65,"2004",87
"301","LANDSAT_ETM_SLC_OFF",2004-02-08,"176",36,"34.5991","33.0461",0,8.08,"2004",39
"302","LANDSAT_ETM_SLC_OFF",2003-11-20,"176",36,"34.6222","33.0237",0,0.12,"2003",324
"303","LANDSAT_ETM_SLC_OFF",2003-09-01,"176",36,"34.6209","33.013",0,3.51,"2003",244
"304","LANDSAT_ETM",2003-03-09,"176",36,"34.612","33.055",1,13.78,"2003",68
"305","LANDSAT_ETM",2002-10-16,"176",36,"34.612","33.0497",1,12.35,"2002",289
"306","LANDSAT_ETM",2002-09-30,"176",36,"34.60939","33.04917",0,0,"2002",273
"307","LANDSAT_ETM",2002-09-14,"176",36,"34.60938","33.06041",0,0.29,"2002",257
"308","LANDSAT_ETM",2002-08-29,"176",36,"34.6091","33.06868",0,0,"2002",241
"309","LANDSAT_ETM",2002-08-13,"176",36,"34.612","33.015",0,0,"2002",225
"310","LANDSAT_ETM",2002-07-28,"176",36,"34.60863","33.06609",0,0,"2002",209
"311","LANDSAT_ETM",2002-05-25,"176",36,"34.612","33.033",0,0.04,"2002",145
"312","LANDSAT_ETM",2002-04-23,"176",36,"34.60834","33.075",2,24.84,"2002",113
"313","LANDSAT_ETM",2002-04-07,"176",36,"34.612","33.0599",1,13.56,"2002",97
"314","LANDSAT_ETM",2002-03-22,"176",36,"34.60769","33.09264",0,0.56,"2002",81
"315","LANDSAT_ETM",2002-03-06,"176",36,"34.60736","33.0657",0,0.61,"2002",65
"316","LANDSAT_ETM",2002-02-18,"176",36,"34.60714","33.08514",0,0.49,"2002",49
"317","LANDSAT_ETM",2002-02-02,"176",36,"34.612","33.0689",0,0.3,"2002",33
"318","LANDSAT_ETM",2002-01-17,"176",36,"34.60662","33.08352",1,19.52,"2002",17
"319","LANDSAT_ETM",2001-12-16,"176",36,"34.612","33.0695",0,1.1,"2001",350
"320","LANDSAT_ETM",2001-10-29,"176",36,"34.60523","33.09912",3,40.25,"2001",302
"321","LANDSAT_ETM",2001-10-13,"176",36,"34.612","33.0745",1,18.5,"2001",286
"322","LANDSAT_ETM",2001-09-11,"176",36,"34.61025","33.05521",0,2.24,"2001",254
"323","LANDSAT_ETM",2001-08-26,"176",36,"34.612","33.0404",0,0.08,"2001",238
"324","LANDSAT_ETM",2001-08-10,"176",36,"34.61021","33.06522",0,0,"2001",222
"325","LANDSAT_ETM",2001-07-25,"176",36,"34.60998","33.03621",0,0.21,"2001",206
"326","LANDSAT_ETM",2001-06-07,"176",36,"34.60985","33.06288",0,0.25,"2001",158
"327","LANDSAT_ETM",2001-05-22,"176",36,"34.612","33.037",0,0,"2001",142
"328","LANDSAT_ETM",2001-05-06,"176",36,"34.60954","33.03804",0,0.8,"2001",126
"329","LANDSAT_ETM",2001-04-20,"176",36,"34.6092","33.05513",2,24.1,"2001",110
"330","LANDSAT_ETM",2001-04-04,"176",36,"34.612","33.0939",2,26.52,"2001",94
"331","LANDSAT_ETM",2001-03-19,"176",36,"34.60887","33.08496",0,0,"2001",78
"332","LANDSAT_ETM",2001-03-03,"176",36,"34.60862","33.07668",4,41.57,"2001",62
"333","LANDSAT_ETM",2001-02-15,"176",36,"34.60826","33.0695",4,41.35,"2001",46
"334","LANDSAT_ETM",2001-01-30,"176",36,"34.612","33.055",0,0.52,"2001",30
"335","LANDSAT_ETM",2001-01-14,"176",36,"34.60772","33.07212",2,29.1,"2001",14
"336","LANDSAT_ETM",2000-12-29,"176",36,"34.612","33.0796",2,23.02,"2000",364
"337","LANDSAT_ETM",2000-12-13,"176",36,"34.60712","33.09509",2,24.26,"2000",348
"338","LANDSAT_ETM",2000-11-27,"176",36,"34.60688","33.09568",9,92.74,"2000",332
"339","LANDSAT_ETM",2000-11-11,"176",36,"34.612","33.0892",0,0.3,"2000",316
"340","LANDSAT_ETM",2000-10-26,"176",36,"34.612","33.085",1,17.54,"2000",300
"341","LANDSAT_ETM",2000-10-10,"176",36,"34.61085","33.03326",2,25.77,"2000",284
"342","LANDSAT_ETM",2000-09-24,"176",36,"34.612","33.0663",0,0,"2000",268
"343","LANDSAT_ETM",2000-09-08,"176",36,"34.61056","33.06597",0,0.34,"2000",252
"344","LANDSAT_ETM",2000-08-23,"176",36,"34.61023","33.05641",0,0,"2000",236
"345","LANDSAT_ETM",2000-08-07,"176",36,"34.612","33.0778",0,0,"2000",220
"346","LANDSAT_ETM",2000-07-22,"176",36,"34.60994","33.0765",0,2.98,"2000",204
"347","LANDSAT_ETM",2000-07-06,"176",36,"34.61145","33.05153",0,0,"2000",188
"348","LANDSAT_ETM",2000-06-20,"176",36,"34.61153","33.03877",0,0.43,"2000",172
"349","LANDSAT_ETM",2000-06-04,"176",36,"34.61106","33.06729",0,1.58,"2000",156
"350","LANDSAT_ETM",2000-05-19,"176",36,"34.612","33.0547",0,0.7,"2000",140
"351","LANDSAT_ETM",2000-04-17,"176",36,"34.61087","33.08501",3,35.77,"2000",108
"352","LANDSAT_ETM",2000-04-01,"176",36,"34.61053","33.05999",3,31.47,"2000",92
"353","LANDSAT_ETM",2000-03-16,"176",36,"34.61024","33.07449",0,10.54,"2000",76
"354","LANDSAT_ETM",2000-02-13,"176",36,"34.60972","33.0779",4,47.53,"2000",44
"355","LANDSAT_ETM",2000-01-28,"176",36,"34.612","33.0706",0,2.26,"2000",28
"356","LANDSAT_ETM",2000-01-12,"176",36,"34.60951","33.0749",4,46.35,"2000",12
"357","LANDSAT_ETM",1999-11-25,"176",36,"34.612","33.0957",4,43.7,"1999",329
"358","LANDSAT_ETM",1999-11-09,"176",36,"34.60963","33.04457",0,3.13,"1999",313
"359","LANDSAT_ETM",1999-09-22,"176",36,"34.60888","33.07206",0,0.4,"1999",265
"360","LANDSAT_ETM",1999-08-05,"176",36,"34.60862","33.06882",0,0.91,"1999",217
"361","LANDSAT_ETM",1999-07-20,"176",36,"34.60843","33.08992",0,0.15,"1999",201
"362","OLI_TIRS",2016-07-10,"176",36,"34.61061","33.11964",0,2.14,"2016",192
"363","OLI_TIRS",2016-06-24,"176",36,"34.61085","33.12827",0,3.44,"2016",176
"364","OLI_TIRS",2016-06-08,"176",36,"34.61076","33.12433",0,2.18,"2016",160
"365","OLI_TIRS",2016-05-23,"176",36,"34.61082","33.11278",2,23.19,"2016",144
"366","OLI_TIRS",2016-05-07,"176",36,"34.61057","33.08763",1,13.12,"2016",128
"367","OLI_TIRS",2016-04-21,"176",36,"34.61065","33.09272",6,65.04,"2016",112
"368","OLI_TIRS",2016-04-05,"176",36,"34.61065","33.10365",0,3.12,"2016",96
"369","OLI_TIRS",2016-03-20,"176",36,"34.61098","33.09979",0,6.81,"2016",80
"370","OLI_TIRS",2016-03-04,"176",36,"34.61075","33.10225",2,29.16,"2016",64
"371","OLI_TIRS",2016-02-17,"176",36,"34.61056","33.12151",5,51.38,"2016",48
"372","OLI_TIRS",2016-02-01,"176",36,"34.61067","33.10328",8,83.17,"2016",32
"373","OLI_TIRS",2016-01-16,"176",36,"34.61052","33.1087",0,9.06,"2016",16
"374","OLI_TIRS",2015-12-31,"176",36,"34.61091","33.11151",7,80.09,"2015",365
"375","OLI_TIRS",2015-12-15,"176",36,"34.61077","33.11181",4,44.5,"2015",349
"376","OLI_TIRS",2015-11-29,"176",36,"34.61098","33.10788",0,7.33,"2015",333
"377","OLI_TIRS",2015-11-13,"176",36,"34.6109","33.11922",0,0.52,"2015",317
"378","OLI_TIRS",2015-10-28,"176",36,"34.61068","33.11286",3,36.57,"2015",301
"379","OLI_TIRS",2015-10-12,"176",36,"34.61086","33.12555",1,11.84,"2015",285
"380","OLI_TIRS",2015-09-26,"176",36,"34.61055","33.11393",0,1.91,"2015",269
"381","OLI_TIRS",2015-09-10,"176",36,"34.61091","33.12362",3,31.01,"2015",253
"382","OLI_TIRS",2015-08-25,"176",36,"34.61099","33.12745",0,4.78,"2015",237
"383","OLI_TIRS",2015-08-09,"176",36,"34.61057","33.13386",0,5.75,"2015",221
"384","OLI_TIRS",2015-07-24,"176",36,"34.61067","33.11765",0,3.84,"2015",205
"385","OLI_TIRS",2015-07-08,"176",36,"34.61053","33.11336",0,7.66,"2015",189
"386","OLI_TIRS",2015-06-22,"176",36,"34.61071","33.1243",0,4.44,"2015",173
"387","OLI_TIRS",2015-06-06,"176",36,"34.61071","33.11852",0,10.92,"2015",157
"388","OLI_TIRS",2015-05-21,"176",36,"34.61056","33.11663",0,2.6,"2015",141
"389","OLI_TIRS",2015-05-05,"176",36,"34.61078","33.07025",0,0.93,"2015",125
"390","OLI_TIRS",2015-04-19,"176",36,"34.61079","33.06229",0,3.21,"2015",109
"391","OLI_TIRS",2015-04-03,"176",36,"34.61097","33.10867",1,17.13,"2015",93
"392","OLI_TIRS",2015-03-18,"176",36,"34.61093","33.09759",1,11.71,"2015",77
"393","OLI",2015-03-02,"176",36,"34.61067","33.09135",0,10.04,"2015",61
"394","OLI_TIRS",2015-02-14,"176",36,"34.61059","33.11363",2,26.07,"2015",45
"395","OLI_TIRS",2015-01-29,"176",36,"34.61068","33.10295",0,7.67,"2015",29
"396","OLI_TIRS",2015-01-13,"176",36,"34.61097","33.10391",8,84.58,"2015",13
"397","OLI_TIRS",2014-12-28,"176",36,"34.61058","33.11578",1,13.18,"2014",362
"398","OLI_TIRS",2014-12-12,"176",36,"34.61074","33.12764",6,61.69,"2014",346
"399","OLI_TIRS",2014-11-26,"176",36,"34.6105","33.1082",4,41.83,"2014",330
"400","OLI_TIRS",2014-11-10,"176",36,"34.61086","33.10387",0,0.42,"2014",314
"401","OLI_TIRS",2014-10-25,"176",36,"34.61093","33.11328",0,10.92,"2014",298
"402","OLI_TIRS",2014-10-09,"176",36,"34.61091","33.11533",0,3.12,"2014",282
"403","OLI_TIRS",2014-09-23,"176",36,"34.61064","33.13788",0,1.66,"2014",266
"404","OLI_TIRS",2014-09-07,"176",36,"34.61066","33.11645",0,8.23,"2014",250
"405","OLI_TIRS",2014-08-22,"176",36,"34.61054","33.11732",0,3.18,"2014",234
"406","OLI_TIRS",2014-08-06,"176",36,"34.61057","33.11509",0,10.48,"2014",218
"407","OLI_TIRS",2014-07-21,"176",36,"34.61063","33.13009",0,10.25,"2014",202
"408","OLI_TIRS",2014-07-05,"176",36,"34.61088","33.12166",0,5.68,"2014",186
"409","OLI_TIRS",2014-06-19,"176",36,"34.61082","33.12097",0,0.72,"2014",170
"410","OLI_TIRS",2014-06-03,"176",36,"34.61064","33.11514",0,2.94,"2014",154
"411","OLI_TIRS",2014-05-18,"176",36,"34.61069","33.11196",0,4.39,"2014",138
"412","OLI_TIRS",2014-05-02,"176",36,"34.61085","33.08644",1,13.56,"2014",122
"413","OLI_TIRS",2014-04-16,"176",36,"34.61068","33.09738",0,4.05,"2014",106
"414","OLI_TIRS",2014-03-31,"176",36,"34.6109","33.09141",0,4.33,"2014",90
"415","OLI_TIRS",2014-03-15,"176",36,"34.61072","33.08272",0,1.14,"2014",74
"416","OLI_TIRS",2014-02-27,"176",36,"34.61058","33.0971",1,18.26,"2014",58
"417","OLI_TIRS",2014-02-11,"176",36,"34.61065","33.09678",0,4.25,"2014",42
"418","OLI_TIRS",2014-01-10,"176",36,"34.61066","33.0944",1,17.93,"2014",10
"419","OLI_TIRS",2013-12-25,"176",36,"34.61093","33.08443",5,56.11,"2013",359
"420","OLI_TIRS",2013-12-09,"176",36,"34.6109","33.07844",1,15.53,"2013",343
"421","OLI_TIRS",2013-11-23,"176",36,"34.61092","33.11162",3,40.51,"2013",327
"422","OLI_TIRS",2013-10-22,"176",36,"34.61064","33.10777",0,0.12,"2013",295
"423","OLI_TIRS",2013-10-06,"176",36,"34.61073","33.1045",0,5.87,"2013",279
"424","OLI_TIRS",2013-09-04,"176",36,"34.61057","33.09343",0,3.5,"2013",247
"425","OLI_TIRS",2013-08-19,"176",36,"34.6105","33.10312",0,2.93,"2013",231
"426","OLI_TIRS",2013-08-03,"176",36,"34.61086","33.10992",0,5.64,"2013",215
"427","OLI_TIRS",2013-07-18,"176",36,"34.61087","33.11874",1,13.56,"2013",199
"428","OLI_TIRS",2013-07-02,"176",36,"34.6106","33.11388",0,2.15,"2013",183
"429","OLI_TIRS",2013-06-16,"176",36,"34.61081","33.11082",0,4.32,"2013",167
"430","OLI_TIRS",2013-05-31,"176",36,"34.61081","33.08093",0,3.66,"2013",151
"431","OLI_TIRS",2013-05-15,"176",36,"34.61087","33.09309",0,10.96,"2013",135
"432","OLI_TIRS",2013-04-29,"176",36,"34.61054","33.13299",0,0.04,"2013",119
"433","OLI_TIRS",2013-04-13,"176",36,"34.61049","33.12284",0,9.14,"2013",103
"434","TM",1984-04-13,"176",36,"34.6134 33.112507","34.6134 33.112507",0,4,"1984",104
"435","TM",1984-04-29,"176",36,"34.610847 33.19754","34.610847 33.19754",0,4,"1984",120
"436","TM",1984-05-15,"176",36,"34.613373 33.14504","34.613373 33.14504",0,1,"1984",136
"437","TM",1984-05-31,"176",36,"34.613373 33.105038","34.613373 33.105038",0,0,"1984",152
"438","TM",1984-06-16,"176",36,"34.613373 33.09504","34.613373 33.09504",0,0,"1984",168
"439","TM",1984-07-02,"176",36,"34.613346 33.107506","34.613346 33.107506",0,0,"1984",184
"440","TM",1984-07-18,"176",36,"34.613373 33.09504","34.613373 33.09504",0,0,"1984",200
"441","TM",1984-08-03,"176",36,"34.6159 33.01247","34.6159 33.01247",0,0,"1984",216
"442","TM",1984-08-19,"176",36,"34.610874 32.93493","34.610874 32.93493",0,1,"1984",232
"443","TM",1984-09-04,"176",36,"34.61087 32.944927","34.61087 32.944927",0,1,"1984",248
"444","TM",1984-09-20,"176",36,"34.61587 32.98","34.61587 32.98",0,0,"1984",264
"445","TM",1984-10-06,"176",36,"34.615875 33.025","34.615875 33.025",0,0,"1984",280
"446","TM",1984-10-22,"176",36,"34.613346 33.077507","34.613346 33.077507",0,0,"1984",296
"447","TM",1984-11-07,"176",36,"34.613396 33.14251","34.613396 33.14251",0,6,"1984",312
"448","TM",1984-11-23,"176",36,"34.61085 33.18254","34.61085 33.18254",4,42,"1984",328
"449","TM",1984-12-09,"176",36,"34.61335 33.167507","34.61335 33.167507",1,16,"1984",344
"450","TM",1985-01-10,"176",36,"34.613373 33.135036","34.613373 33.135036",3,37,"1985",10
"451","TM",1985-01-26,"176",36,"34.613373 33.12504","34.613373 33.12504",4,42,"1985",26
"452","TM",1985-02-11,"176",36,"34.613346 33.117508","34.613346 33.117508",0,2,"1985",42
"453","TM",1985-02-27,"176",36,"34.613346 33.117508","34.613346 33.117508",0,8,"1985",58
"454","TM",1985-03-15,"176",36,"34.613346 33.117508","34.613346 33.117508",0,0,"1985",74
"455","TM",1985-03-31,"176",36,"34.613373 33.115036","34.613373 33.115036",9,90,"1985",90
"456","TM",1985-04-16,"176",36,"34.613373 33.12504","34.613373 33.12504",0,0,"1985",106
"457","TM",1985-05-02,"176",36,"34.613373 33.135036","34.613373 33.135036",0,4,"1985",122
"458","TM",1985-05-18,"176",36,"34.61087 33.125","34.61087 33.125",0,6,"1985",138
"459","TM",1985-06-03,"176",36,"34.613346 33.097507","34.613346 33.097507",0,0,"1985",154
"460","TM",1985-06-19,"176",36,"34.613346 33.077507","34.613346 33.077507",0,6,"1985",170
"461","TM",1985-07-05,"176",36,"34.61339 33.072506","34.61339 33.072506",0,1,"1985",186
"462","TM",1985-08-06,"176",36,"34.61087 33.075","34.61087 33.075",0,2,"1985",218
"463","TM",1985-08-22,"176",36,"34.613346 33.077507","34.613346 33.077507",0,0,"1985",234
"464","TM",1985-09-23,"176",36,"34.613346 33.087505","34.613346 33.087505",0,0,"1985",266
"465","TM",1985-10-09,"176",36,"34.613346 33.077507","34.613346 33.077507",1,11,"1985",282
"466","TM",1985-10-25,"176",36,"34.61087 33.065","34.61087 33.065",0,7,"1985",298
"467","TM",1985-11-10,"176",36,"34.61087 33.065","34.61087 33.065",3,34,"1985",314
"468","TM",1985-11-26,"176",36,"34.61085 33.06747","34.61085 33.06747",5,57,"1985",330
"469","TM",1986-01-13,"176",36,"34.61085 33.06747","34.61085 33.06747",3,30,"1986",13
"470","TM",1986-01-29,"176",36,"34.610825 33.070004","34.610825 33.070004",2,26,"1986",29
"471","TM",1986-02-14,"176",36,"34.613346 33.077507","34.613346 33.077507",4,42,"1986",45
"472","TM",1986-03-02,"176",36,"34.613373 33.075035","34.613373 33.075035",5,55,"1986",61
"473","TM",1986-03-18,"176",36,"34.61087 33.055","34.61087 33.055",3,31,"1986",77
"474","TM",1986-04-03,"176",36,"34.610874 33.03","34.610874 33.03",0,0,"1986",93
"475","TM",1986-04-19,"176",36,"34.610847 33.012527","34.610847 33.012527",0,0,"1986",109
"476","TM",1986-05-05,"176",36,"34.61087 32.995003","34.61087 32.995003",0,1,"1986",125
"477","TM",1986-05-21,"176",36,"34.61587 32.985","34.61587 32.985",1,15,"1986",141
"478","TM",1986-06-06,"176",36,"34.61587 32.985","34.61587 32.985",0,0,"1986",157
"479","TM",1986-06-22,"176",36,"34.615875 32.99","34.615875 32.99",0,0,"1986",173
"480","TM",1986-07-08,"176",36,"34.61585 33.00253","34.61585 33.00253",0,1,"1986",189
"481","TM",1986-08-09,"176",36,"34.610847 33.032528","34.610847 33.032528",0,2,"1986",221
"482","TM",1986-08-25,"176",36,"34.610847 33.05253","34.610847 33.05253",0,0,"1986",237
"483","TM",1986-09-10,"176",36,"34.61085 33.057472","34.61085 33.057472",0,2,"1986",253
"484","TM",1986-09-26,"176",36,"34.61085 33.037476","34.61085 33.037476",4,44,"1986",269
"485","TM",1986-10-12,"176",36,"34.61085 33.02253","34.61085 33.02253",0,5,"1986",285
"486","TM",1986-10-28,"176",36,"34.615875 33.005","34.615875 33.005",0,0,"1986",301
"487","TM",1986-11-13,"176",36,"34.61587 32.995","34.61587 32.995",0,0,"1986",317
"488","TM",1986-11-29,"176",36,"34.613373 33.055035","34.613373 33.055035",1,17,"1986",333
"489","TM",1986-12-15,"176",36,"34.613373 33.09504","34.613373 33.09504",1,18,"1986",349
"490","TM",1986-12-31,"176",36,"34.613346 33.127506","34.613346 33.127506",3,31,"1986",365
"491","TM",1987-02-01,"176",36,"34.61085 33.187542","34.61085 33.187542",0,2,"1987",32
"492","TM",1987-02-17,"176",36,"34.6109 33.172546","34.6109 33.172546",1,15,"1987",48
"493","TM",1987-03-05,"176",36,"34.610897 33.152542","34.610897 33.152542",7,71,"1987",64
"494","TM",1987-03-21,"176",36,"34.610897 33.13254","34.610897 33.13254",0,1,"1987",80
"495","TM",1987-04-06,"176",36,"34.613373 33.115036","34.613373 33.115036",0,1,"1987",96
"496","TM",1987-04-22,"176",36,"34.613346 33.107506","34.613346 33.107506",0,0,"1987",112
"497","TM",1987-05-24,"176",36,"34.613373 33.115036","34.613373 33.115036",0,8,"1987",144
"498","TM",1987-06-09,"176",36,"34.61339 33.132507","34.61339 33.132507",0,0,"1987",160
"499","TM",1987-06-25,"176",36,"34.610874 33.15507","34.610874 33.15507",0,1,"1987",176
"500","TM",1987-07-11,"176",36,"34.610924 33.19007","34.610924 33.19007",0,0,"1987",192
"501","TM",1987-08-12,"176",36,"34.613346 33.177505","34.613346 33.177505",0,0,"1987",224
"502","TM",1987-08-28,"176",36,"34.61085 33.167545","34.61085 33.167545",0,0,"1987",240
"503","TM",1987-09-13,"176",36,"34.613373 33.159977","34.613373 33.159977",0,2,"1987",256
"504","TM",1987-09-29,"176",36,"34.6134 33.162502","34.6134 33.162502",0,0,"1987",272
"505","TM",1987-10-31,"176",36,"34.610924 33.129997","34.610924 33.129997",5,57,"1987",304
"506","TM",1987-11-16,"176",36,"34.613346 33.157505","34.613346 33.157505",0,5,"1987",320
"507","TM",1987-12-02,"176",36,"34.610847 33.15747","34.610847 33.15747",2,24,"1987",336
"508","TM",1987-12-18,"176",36,"34.613346 33.167507","34.613346 33.167507",7,78,"1987",352
"509","TM",1988-01-03,"176",36,"34.61087 33.164997","34.61087 33.164997",2,21,"1988",3
"510","TM",1988-01-19,"176",36,"34.61087 33.149944","34.61087 33.149944",1,17,"1988",19
"511","TM",1988-02-04,"176",36,"34.610897 33.12247","34.610897 33.12247",0,3,"1988",35
"512","TM",1988-02-20,"176",36,"34.610924 33.11","34.610924 33.11",5,59,"1988",51
"513","TM",1988-03-07,"176",36,"34.61087 33.105003","34.61087 33.105003",6,68,"1988",67
"514","TM",1988-04-24,"176",36,"34.61085 33.11747","34.61085 33.11747",0,1,"1988",115
"515","TM",1988-05-10,"176",36,"34.61087 33.095","34.61087 33.095",0,1,"1988",131
"516","TM",1988-05-26,"176",36,"34.610874 33.085","34.610874 33.085",0,7,"1988",147
"517","TM",1988-06-11,"176",36,"34.610897 33.08247","34.610897 33.08247",0,3,"1988",163
"518","TM",1988-06-27,"176",36,"34.61087 33.075","34.61087 33.075",0,0,"1988",179
"519","TM",1988-07-13,"176",36,"34.61087 33.075","34.61087 33.075",0,1,"1988",195
"520","TM",1988-07-29,"176",36,"34.61085 33.07747","34.61085 33.07747",0,5,"1988",211
"521","TM",1988-08-14,"176",36,"34.61087 33.089996","34.61087 33.089996",0,0,"1988",227
"522","TM",1988-08-30,"176",36,"34.61087 33.075","34.61087 33.075",0,0,"1988",243
"523","TM",1988-09-15,"176",36,"34.610924 33.09","34.610924 33.09",0,0,"1988",259
"524","TM",1988-10-01,"176",36,"34.610924 33.11","34.610924 33.11",0,5,"1988",275
"525","TM",1988-11-18,"176",36,"34.61085 33.06747","34.61085 33.06747",7,79,"1988",323
"526","TM",1988-12-04,"176",36,"34.61085 33.057472","34.61085 33.057472",0,1,"1988",339
"527","TM",1988-12-20,"176",36,"34.61085 33.07747","34.61085 33.07747",3,32,"1988",355
"528","TM",1989-01-05,"176",36,"34.610897 33.05247","34.610897 33.05247",1,10,"1989",5
"529","TM",1989-01-21,"176",36,"34.61087 33.095","34.61087 33.095",1,11,"1989",21
"530","TM",1989-02-06,"176",36,"34.610897 33.04247","34.610897 33.04247",0,4,"1989",37
"531","TM",1989-03-10,"176",36,"34.610825 33.070004","34.610825 33.070004",0,2,"1989",69
"532","TM",1989-03-26,"176",36,"34.61085 33.147472","34.61085 33.147472",0,4,"1989",85
"533","TM",1989-04-11,"176",36,"34.61087 33.035","34.61087 33.035",0,5,"1989",101
"534","TM",1989-04-27,"176",36,"34.610897 33.047527","34.610897 33.047527",0,0,"1989",117
"535","TM",1989-05-13,"176",36,"34.61087 33.035","34.61087 33.035",0,0,"1989",133
"536","TM",1989-05-29,"176",36,"34.610897 33.022472","34.610897 33.022472",0,0,"1989",149
"537","TM",1989-06-14,"176",36,"34.610847 33.047466","34.610847 33.047466",0,0,"1989",165
"538","TM",1989-06-30,"176",36,"34.61087 33.025","34.61087 33.025",0,9,"1989",181
"539","TM",1989-07-16,"176",36,"34.61085 33.03253","34.61085 33.03253",0,0,"1989",197
"540","TM",1989-08-01,"176",36,"34.61085 33.027473","34.61085 33.027473",0,0,"1989",213
"541","TM",1989-09-02,"176",36,"34.610897 33.02753","34.610897 33.02753",0,0,"1989",245
"542","TM",1989-09-18,"176",36,"34.610924 33.07","34.610924 33.07",0,0,"1989",261
"543","TM",1989-10-04,"176",36,"34.6109 32.99753","34.6109 32.99753",1,19,"1989",277
"544","TM",1989-10-20,"176",36,"34.61085 33.07747","34.61085 33.07747",1,14,"1989",293
"545","TM",1989-11-05,"176",36,"34.61085 33.027473","34.61085 33.027473",0,6,"1989",309
"546","TM",1989-11-21,"176",36,"34.61085 33.082527","34.61085 33.082527",0,2,"1989",325
"547","TM",1989-12-07,"176",36,"34.61085 33.03747","34.61085 33.03747",0,5,"1989",341
"548","TM",1989-12-23,"176",36,"34.61087 33.025","34.61087 33.025",0,4,"1989",357
"549","TM",1990-09-21,"176",36,"34.610897 33.05247","34.610897 33.05247",0,2,"1990",264
"550","TM",1990-10-07,"176",36,"34.61087 33.07","34.61087 33.07",0,0,"1990",280
"551","TM",1990-10-23,"176",36,"34.61087 33.035","34.61087 33.035",0,2,"1990",296
"552","TM",1990-11-08,"176",36,"34.61087 33.005","34.61087 33.005",0,4,"1990",312
"553","TM",1990-11-24,"176",36,"34.61087 32.985","34.61087 32.985",0,7,"1990",328
"554","TM",1990-12-10,"176",36,"34.61087 33.105003","34.61087 33.105003",0,8,"1990",344
"555","TM",1990-12-26,"176",36,"34.61092 33.12","34.61092 33.12",0,1,"1990",360
"556","TM",1991-01-11,"176",36,"34.610897 33.09753","34.610897 33.09753",4,44,"1991",11
"557","TM",1991-01-27,"176",36,"34.610897 33.08247","34.610897 33.08247",1,17,"1991",27
"558","TM",1991-02-12,"176",36,"34.610897 33.11247","34.610897 33.11247",0,0,"1991",43
"559","TM",1991-02-28,"176",36,"34.610897 33.12247","34.610897 33.12247",0,2,"1991",59
"560","TM",1991-03-16,"176",36,"34.610924 33.11","34.610924 33.11",8,84,"1991",75
"561","TM",1991-04-01,"176",36,"34.61087 33.105003","34.61087 33.105003",1,17,"1991",91
"562","TM",1991-04-17,"176",36,"34.610897 33.092472","34.610897 33.092472",0,7,"1991",107
"563","TM",1991-05-19,"176",36,"34.610897 33.07247","34.610897 33.07247",5,58,"1991",139
"564","TM",1991-06-04,"176",36,"34.61087 33.055","34.61087 33.055",0,0,"1991",155
"565","TM",1991-07-22,"176",36,"34.610897 33.04247","34.610897 33.04247",0,1,"1991",203
"566","TM",1991-08-07,"176",36,"34.61087 33.065002","34.61087 33.065002",0,8,"1991",219
"567","TM",1991-09-08,"176",36,"34.61087 33.055","34.61087 33.055",0,0,"1991",251
"568","TM",1991-09-24,"176",36,"34.610897 33.062473","34.610897 33.062473",0,0,"1991",267
"569","TM",1991-10-10,"176",36,"34.610897 33.05753","34.610897 33.05753",0,1,"1991",283
"570","TM",1991-10-26,"176",36,"34.610897 33.062473","34.610897 33.062473",0,2,"1991",299
"571","TM",1991-11-11,"176",36,"34.61092 33.06","34.61092 33.06",0,4,"1991",315
"572","TM",1991-11-27,"176",36,"34.610897 33.032467","34.610897 33.032467",4,45,"1991",331
"573","TM",1991-12-13,"176",36,"34.610897 33.01247","34.610897 33.01247",1,12,"1991",347
"574","TM",1991-12-29,"176",36,"34.610847 33.047466","34.610847 33.047466",6,67,"1991",363
"575","TM",1992-01-14,"176",36,"34.61087 33.065002","34.61087 33.065002",3,39,"1992",14
"576","TM",1992-01-30,"176",36,"34.61087 33.035","34.61087 33.035",2,25,"1992",30
"577","TM",1992-02-15,"176",36,"34.610924 33.079998","34.610924 33.079998",0,1,"1992",46
"578","TM",1992-03-02,"176",36,"34.610924 33.045002","34.610924 33.045002",4,40,"1992",62
"579","TM",1992-03-18,"176",36,"34.61087 33.015","34.61087 33.015",8,81,"1992",78
"580","TM",1992-04-03,"176",36,"34.610897 33.01753","34.610897 33.01753",0,1,"1992",94
"581","TM",1992-04-19,"176",36,"34.61087 33.015","34.61087 33.015",10,100,"1992",110
"582","TM",1992-05-05,"176",36,"34.610847 33.01747","34.610847 33.01747",3,39,"1992",126
"583","TM",1992-05-21,"176",36,"34.61087 33.019997","34.61087 33.019997",0,0,"1992",142
"584","TM",1992-06-06,"176",36,"34.610897 33.01247","34.610897 33.01247",0,1,"1992",158
"585","TM",1992-06-22,"176",36,"34.610897 33.022472","34.610897 33.022472",0,1,"1992",174
"586","TM",1992-07-08,"176",36,"34.610897 33.022472","34.610897 33.022472",0,0,"1992",190
"587","TM",1992-07-24,"176",36,"34.61087 33.025","34.61087 33.025",0,0,"1992",206
"588","TM",1992-08-09,"176",36,"34.61087 33.025","34.61087 33.025",0,0,"1992",222
"589","TM",1992-08-25,"176",36,"34.61085 33.03747","34.61085 33.03747",0,0,"1992",238
"590","TM",1992-09-10,"176",36,"34.61087 33.035","34.61087 33.035",0,0,"1992",254
"591","TM",1992-09-26,"176",36,"34.610897 33.047527","34.610897 33.047527",4,41,"1992",270
"592","TM",1992-10-12,"176",36,"34.610897 33.062473","34.610897 33.062473",0,0,"1992",286
"593","TM",1992-11-13,"176",36,"34.61087 33.025","34.61087 33.025",0,5,"1992",318
"594","TM",1992-11-29,"176",36,"34.61087 33.065002","34.61087 33.065002",1,18,"1992",334
"595","TM",1993-01-16,"176",36,"34.610874 33.085","34.610874 33.085",0,1,"1993",16
"596","TM",1993-02-01,"176",36,"34.61095 33.08747","34.61095 33.08747",3,31,"1993",32
"597","TM",1993-02-17,"176",36,"34.610924 33.09","34.610924 33.09",0,6,"1993",48
"598","TM",1993-03-21,"176",36,"34.610897 33.092472","34.610897 33.092472",0,3,"1993",80
"599","TM",1993-04-06,"176",36,"34.610825 33.09","34.610825 33.09",0,3,"1993",96
"600","TM",1993-04-22,"176",36,"34.61085 33.06747","34.61085 33.06747",0,1,"1993",112
"601","TM",1993-05-24,"176",36,"34.610924 33.065","34.610924 33.065",2,23,"1993",144
"602","TM",1993-06-09,"176",36,"34.610947 33.06747","34.610947 33.06747",0,0,"1993",160
"603","TM",1993-06-25,"176",36,"34.61095 33.097473","34.61095 33.097473",0,0,"1993",176
"604","TM",1993-07-11,"176",36,"34.610897 33.11247","34.610897 33.11247",0,0,"1993",192
"605","TM",1993-08-12,"176",36,"34.610847 33.10747","34.610847 33.10747",0,4,"1993",224
"606","TM",1993-09-29,"176",36,"34.610897 33.10247","34.610897 33.10247",0,1,"1993",272
"607","TM",1993-10-15,"176",36,"34.610897 33.10247","34.610897 33.10247",0,0,"1993",288
"608","TM",1993-11-16,"176",36,"34.610847 33.10747","34.610847 33.10747",4,45,"1993",320
"609","TM",1993-12-02,"176",36,"34.610874 33.085","34.610874 33.085",1,12,"1993",336
"610","TM",1993-12-18,"176",36,"34.61087 33.075","34.61087 33.075",1,12,"1993",352
"611","TM",1994-01-03,"176",36,"34.610897 33.08247","34.610897 33.08247",3,36,"1994",3
"612","TM",1994-01-19,"176",36,"34.610897 33.10247","34.610897 33.10247",0,0,"1994",19
"613","TM",1994-02-04,"176",36,"34.610924 33.079998","34.610924 33.079998",2,22,"1994",35
"614","TM",1994-02-20,"176",36,"34.610897 33.07247","34.610897 33.07247",0,0,"1994",51
"615","TM",1994-03-08,"176",36,"34.61087 33.065002","34.61087 33.065002",1,13,"1994",67
"616","TM",1994-03-24,"176",36,"34.61087 33.055","34.61087 33.055",1,16,"1994",83
"617","TM",1994-04-09,"176",36,"34.61085 33.042526","34.61085 33.042526",0,3,"1994",99
"618","TM",1994-06-12,"176",36,"34.610897 33.01753","34.610897 33.01753",0,0,"1994",163
"619","TM",1994-07-14,"176",36,"34.61087 33.035","34.61087 33.035",0,3,"1994",195
"620","TM",1994-07-30,"176",36,"34.61087 33.055","34.61087 33.055",0,4,"1994",211
"621","TM",1994-08-15,"176",36,"34.61087 33.055","34.61087 33.055",0,2,"1994",227
"622","TM",1994-08-31,"176",36,"34.610897 33.05247","34.610897 33.05247",0,0,"1994",243
"623","TM",1994-09-16,"176",36,"34.61092 33.05","34.61092 33.05",0,0,"1994",259
"624","TM",1994-10-02,"176",36,"34.61092 33.05","34.61092 33.05",0,0,"1994",275
"625","TM",1994-10-18,"176",36,"34.610897 33.05247","34.610897 33.05247",0,5,"1994",291
"626","TM",1994-11-03,"176",36,"34.61087 33.075","34.61087 33.075",1,15,"1994",307
"627","TM",1994-11-19,"176",36,"34.61085 33.082527","34.61085 33.082527",3,36,"1994",323
"628","TM",1994-12-05,"176",36,"34.610825 33.070004","34.610825 33.070004",0,0,"1994",339
"629","TM",1994-12-21,"176",36,"34.610897 33.062473","34.610897 33.062473",0,2,"1994",355
"630","TM",1995-01-06,"176",36,"34.61092 33.06","34.61092 33.06",0,1,"1995",6
"631","TM",1995-01-22,"176",36,"34.61092 33.06","34.61092 33.06",2,28,"1995",22
"632","TM",1995-02-07,"176",36,"34.61087 33.065002","34.61087 33.065002",2,22,"1995",38
"633","TM",1995-02-23,"176",36,"34.61085 33.06747","34.61085 33.06747",0,0,"1995",54
"634","TM",1995-05-30,"176",36,"34.61087 33.055","34.61087 33.055",0,0,"1995",150
"635","TM",1995-06-15,"176",36,"34.61087 33.055","34.61087 33.055",3,32,"1995",166
"636","TM",1995-07-01,"176",36,"34.610847 33.047466","34.610847 33.047466",0,0,"1995",182
"637","TM",1995-07-17,"176",36,"34.610825 33.04","34.610825 33.04",0,0,"1995",198
"638","TM",1995-08-02,"176",36,"34.610874 33.03","34.610874 33.03",0,1,"1995",214
"639","TM",1995-08-18,"176",36,"34.61087 33.015","34.61087 33.015",0,2,"1995",230
"640","TM",1995-09-03,"176",36,"34.610947 33.00253","34.610947 33.00253",0,4,"1995",246
"641","TM",1995-09-19,"176",36,"34.610924 32.980003","34.610924 32.980003",0,0,"1995",262
"642","TM",1995-10-05,"176",36,"34.615875 32.984997","34.615875 32.984997",0,0,"1995",278
"643","TM",1995-10-21,"176",36,"34.61083 32.99","34.61083 32.99",0,1,"1995",294
"644","TM",1995-11-06,"176",36,"34.61085 33.087543","34.61085 33.087543",0,0,"1995",310
"645","TM",1995-11-22,"176",36,"34.610874 33.170017","34.610874 33.170017",6,64,"1995",326
"646","TM",1995-12-08,"176",36,"34.6109 33.232548","34.6109 33.232548",1,14,"1995",342
"647","TM",1995-12-24,"176",36,"34.6134 33.212505","34.6134 33.212505",0,1,"1995",358
"648","TM",1996-01-25,"176",36,"34.61345 33.17751","34.61345 33.17751",2,24,"1996",25
"649","TM",1996-02-10,"176",36,"34.61345 33.17751","34.61345 33.17751",2,20,"1996",41
"650","TM",1996-03-13,"176",36,"34.6134 33.152508","34.6134 33.152508",0,1,"1996",73
"651","TM",1996-03-29,"176",36,"34.610874 33.145","34.610874 33.145",9,94,"1996",89
"652","TM",1996-04-14,"176",36,"34.610874 33.135002","34.610874 33.135002",0,4,"1996",105
"653","TM",1996-04-30,"176",36,"34.6109 33.142475","34.6109 33.142475",0,4,"1996",121
"654","TM",1996-05-16,"176",36,"34.610924 33.15","34.610924 33.15",0,8,"1996",137
"655","TM",1996-06-17,"176",36,"34.610897 33.17247","34.610897 33.17247",1,14,"1996",169
"656","TM",1996-07-03,"176",36,"34.6134 33.192505","34.6134 33.192505",0,0,"1996",185
"657","TM",1996-07-19,"176",36,"34.6134 33.207508","34.6134 33.207508",0,2,"1996",201
"658","TM",1996-08-04,"176",36,"34.613373 33.21998","34.613373 33.21998",0,0,"1996",217
"659","TM",1996-08-20,"176",36,"34.6109 33.232548","34.6109 33.232548",0,2,"1996",233
"660","TM",1996-09-05,"176",36,"34.610924 33.225018","34.610924 33.225018",0,0,"1996",249
"661","TM",1996-09-21,"176",36,"34.61345 33.217503","34.61345 33.217503",0,2,"1996",265
"662","TM",1996-10-07,"176",36,"34.613422 33.214977","34.613422 33.214977",0,0,"1996",281
"663","TM",1996-10-23,"176",36,"34.613422 33.210037","34.613422 33.210037",4,45,"1996",297
"664","TM",1996-11-08,"176",36,"34.6134 33.212505","34.6134 33.212505",0,0,"1996",313
"665","TM",1996-11-24,"176",36,"34.613373 33.21998","34.613373 33.21998",0,0,"1996",329
"666","TM",1996-12-10,"176",36,"34.6134 33.212505","34.6134 33.212505",0,0,"1996",345
"667","TM",1996-12-26,"176",36,"34.6134 33.202507","34.6134 33.202507",0,6,"1996",361
"668","TM",1997-01-11,"176",36,"34.6134 33.192505","34.6134 33.192505",0,3,"1997",11
"669","TM",1997-01-27,"176",36,"34.610924 33.180004","34.610924 33.180004",2,24,"1997",27
"670","TM",1997-02-12,"176",36,"34.610897 33.17247","34.610897 33.17247",0,4,"1997",43
"671","TM",1997-02-28,"176",36,"34.610924 33.170002","34.610924 33.170002",5,51,"1997",59
"672","TM",1997-03-16,"176",36,"34.610874 33.16994","34.610874 33.16994",1,19,"1997",75
"673","TM",1997-04-17,"176",36,"34.6134 33.182507","34.6134 33.182507",1,11,"1997",107
"674","TM",1997-05-03,"176",36,"34.610924 33.180004","34.610924 33.180004",3,30,"1997",123
"675","TM",1997-05-19,"176",36,"34.61345 33.187508","34.61345 33.187508",0,0,"1997",139
"676","TM",1997-06-04,"176",36,"34.610924 33.180004","34.610924 33.180004",0,0,"1997",155
"677","TM",1997-06-20,"176",36,"34.613396 33.187508","34.613396 33.187508",0,0,"1997",171
"678","TM",1997-07-06,"176",36,"34.6134 33.182507","34.6134 33.182507",0,0,"1997",187
"679","TM",1997-07-22,"176",36,"34.610897 33.17247","34.610897 33.17247",0,0,"1997",203
"680","TM",1997-08-07,"176",36,"34.610897 33.17247","34.610897 33.17247",0,0,"1997",219
"681","TM",1997-08-23,"176",36,"34.610897 33.17247","34.610897 33.17247",0,1,"1997",235
"682","TM",1997-09-08,"176",36,"34.610947 33.17747","34.610947 33.17747",0,0,"1997",251
"683","TM",1997-09-24,"176",36,"34.610947 33.17747","34.610947 33.17747",0,0,"1997",267
"684","TM",1997-10-26,"176",36,"34.610897 33.17247","34.610897 33.17247",7,73,"1997",299
"685","TM",1997-11-11,"176",36,"34.610897 33.17247","34.610897 33.17247",0,1,"1997",315
"686","TM",1997-11-27,"176",36,"34.6134 33.182507","34.6134 33.182507",0,4,"1997",331
"687","TM",1997-12-13,"176",36,"34.6134 33.17251","34.6134 33.17251",1,10,"1997",347
"688","TM",1997-12-29,"176",36,"34.610924 33.170002","34.610924 33.170002",5,50,"1997",363
"689","TM",1998-01-14,"176",36,"34.610947 33.167473","34.610947 33.167473",0,1,"1998",14
"690","TM",1998-01-30,"176",36,"34.6109 33.15247","34.6109 33.15247",2,28,"1998",30
"691","TM",1998-02-15,"176",36,"34.6109 33.142475","34.6109 33.142475",0,1,"1998",46
"692","TM",1998-03-03,"176",36,"34.61085 33.147472","34.61085 33.147472",0,7,"1998",62
"693","TM",1998-03-19,"176",36,"34.610874 33.145","34.610874 33.145",6,69,"1998",78
"694","TM",1998-04-04,"176",36,"34.610928 33.16","34.610928 33.16",0,4,"1998",94
"695","TM",1998-04-20,"176",36,"34.610924 33.170002","34.610924 33.170002",0,1,"1998",110
"696","TM",1998-05-06,"176",36,"34.610928 33.16","34.610928 33.16",6,68,"1998",126
"697","TM",1998-09-11,"176",36,"34.610947 33.127472","34.610947 33.127472",0,0,"1998",254
"698","TM",1998-09-27,"176",36,"34.6109 33.12247","34.6109 33.12247",0,0,"1998",270
"699","TM",1998-10-13,"176",36,"34.610874 33.145","34.610874 33.145",1,15,"1998",286
"700","TM",1998-10-29,"176",36,"34.610874 33.145","34.610874 33.145",1,11,"1998",302
"701","TM",1998-11-14,"176",36,"34.6109 33.12247","34.6109 33.12247",3,31,"1998",318
"702","TM",1998-11-30,"176",36,"34.610928 33.140003","34.610928 33.140003",1,15,"1998",334
"703","TM",1998-12-16,"176",36,"34.610924 33.15","34.610924 33.15",6,66,"1998",350
"704","TM",1999-01-17,"176",36,"34.610924 33.13","34.610924 33.13",3,39,"1999",17
"705","TM",1999-02-02,"176",36,"34.610874 33.089996","34.610874 33.089996",0,1,"1999",33
"706","TM",1999-02-18,"176",36,"34.6109 33.03247","34.6109 33.03247",3,32,"1999",49
"707","TM",1999-03-06,"176",36,"34.610928 33.04","34.610928 33.04",0,1,"1999",65
"708","TM",1999-04-07,"176",36,"34.610924 33.100002","34.610924 33.100002",3,32,"1999",97
"709","TM",1999-04-23,"176",36,"34.610928 33.05","34.610928 33.05",0,0,"1999",113
"710","TM",1999-05-09,"176",36,"34.610928 33.045","34.610928 33.045",0,5,"1999",129
"711","TM",1999-05-25,"176",36,"34.610874 33.105003","34.610874 33.105003",0,2,"1999",145
"712","TM",1999-06-10,"176",36,"34.6109 33.12247","34.6109 33.12247",0,2,"1999",161
"713","TM",1999-06-26,"176",36,"34.610874 33.105003","34.610874 33.105003",0,9,"1999",177
"714","TM",1999-07-12,"176",36,"34.610924 33.09","34.610924 33.09",0,1,"1999",193
"715","TM",1999-07-28,"176",36,"34.6109 33.04247","34.6109 33.04247",0,3,"1999",209
"716","TM",1999-08-13,"176",36,"34.610924 33.01","34.610924 33.01",0,0,"1999",225
"717","TM",1999-09-14,"176",36,"34.6109 33.112473","34.6109 33.112473",0,3,"1999",257
"718","TM",1999-09-30,"176",36,"34.610874 33.105003","34.610874 33.105003",0,0,"1999",273
"719","TM",1999-10-16,"176",36,"34.610897 33.01247","34.610897 33.01247",0,2,"1999",289
"720","TM",1999-11-01,"176",36,"34.610874 33.035","34.610874 33.035",0,0,"1999",305
"721","TM",1999-11-17,"176",36,"34.6109 33.102474","34.6109 33.102474",0,0,"1999",321
"722","TM",1999-12-03,"176",36,"34.610973 33.145","34.610973 33.145",0,3,"1999",337
"723","TM",1999-12-19,"176",36,"34.61095 33.057472","34.61095 33.057472",1,10,"1999",353
"724","TM",2000-01-20,"176",36,"34.610874 32.955","34.610874 32.955",1,11,"2000",20
"725","TM",2000-02-21,"176",36,"34.610874 33.025","34.610874 33.025",5,50,"2000",52
"726","TM",2000-03-08,"176",36,"34.610924 33.23","34.610924 33.23",0,1,"2000",68
"727","TM",2000-03-24,"176",36,"34.610928 33.140003","34.610928 33.140003",0,1,"2000",84
"728","TM",2000-04-09,"176",36,"34.6109 33.182472","34.6109 33.182472",3,39,"2000",100
"729","TM",2000-04-25,"176",36,"34.610924 33.09","34.610924 33.09",1,11,"2000",116
"730","TM",2000-05-27,"176",36,"34.610924 33.079998","34.610924 33.079998",0,0,"2000",148
"731","TM",2000-06-12,"176",36,"34.610924 33.079998","34.610924 33.079998",0,0,"2000",164
"732","TM",2000-07-30,"176",36,"34.6109 33.112473","34.6109 33.112473",0,0,"2000",212
"733","TM",2000-08-15,"176",36,"34.610924 33.079998","34.610924 33.079998",0,0,"2000",228
"734","TM",2000-08-31,"176",36,"34.610924 33.07","34.610924 33.07",0,1,"2000",244
"735","TM",2000-09-16,"176",36,"34.610924 33.079998","34.610924 33.079998",1,11,"2000",260
"736","TM",2000-10-02,"176",36,"34.610924 33.085","34.610924 33.085",0,0,"2000",276
"737","TM",2000-10-18,"176",36,"34.61095 33.11747","34.61095 33.11747",1,13,"2000",292
"738","TM",2000-11-03,"176",36,"34.610928 33.12","34.610928 33.12",0,1,"2000",308
"739","TM",2000-11-19,"176",36,"34.6109 33.102474","34.6109 33.102474",0,1,"2000",324
"740","TM",2000-12-05,"176",36,"34.61095 33.10747","34.61095 33.10747",0,1,"2000",340
"741","TM",2000-12-21,"176",36,"34.610924 33.06","34.610924 33.06",2,23,"2000",356
"742","TM",2001-01-06,"176",36,"34.610924 33.07","34.610924 33.07",8,84,"2001",6
"743","TM",2001-01-22,"176",36,"34.6109 33.062473","34.6109 33.062473",1,11,"2001",22
"744","TM",2001-02-07,"176",36,"34.610924 33.06","34.610924 33.06",1,10,"2001",38
"745","TM",2001-02-23,"176",36,"34.610924 33.07","34.610924 33.07",1,10,"2001",54
"746","TM",2001-03-27,"176",36,"34.610924 33.079998","34.610924 33.079998",0,9,"2001",86
"747","TM",2001-04-12,"176",36,"34.610874 33.155","34.610874 33.155",3,33,"2001",102
"748","TM",2001-04-28,"176",36,"34.610924 33.100002","34.610924 33.100002",0,8,"2001",118
"749","TM",2001-05-14,"176",36,"34.6109 33.102474","34.6109 33.102474",1,13,"2001",134
"750","TM",2001-05-30,"176",36,"34.610924 33.06","34.610924 33.06",0,0,"2001",150
"751","TM",2001-06-15,"176",36,"34.610924 33.055","34.610924 33.055",0,1,"2001",166
"752","TM",2001-07-17,"176",36,"34.610928 33.04","34.610928 33.04",0,0,"2001",198
"753","TM",2001-08-02,"176",36,"34.6109 33.04247","34.6109 33.04247",0,5,"2001",214
"754","TM",2001-08-18,"176",36,"34.6109 33.03753","34.6109 33.03753",0,3,"2001",230
"755","TM",2001-09-03,"176",36,"34.610897 33.057526","34.610897 33.057526",0,0,"2001",246
"756","TM",2001-09-19,"176",36,"34.610928 33.065","34.610928 33.065",0,0,"2001",262
"757","TM",2001-10-05,"176",36,"34.610924 33.079998","34.610924 33.079998",0,6,"2001",278
"758","TM",2001-10-21,"176",36,"34.6109 33.05247","34.6109 33.05247",0,2,"2001",294
"759","TM",2001-11-22,"176",36,"34.6109 33.07247","34.6109 33.07247",2,29,"2001",326
"760","TM",2001-12-08,"176",36,"34.6109 33.04247","34.6109 33.04247",6,66,"2001",342
"761","TM",2001-12-24,"176",36,"34.6109 33.022472","34.6109 33.022472",0,2,"2001",358
"762","TM",2002-01-25,"176",36,"34.6109 33.022472","34.6109 33.022472",3,31,"2002",25
"763","TM",2002-02-26,"176",36,"34.6109 33.062473","34.6109 33.062473",0,1,"2002",57
"764","TM",2002-03-30,"176",36,"34.610874 33.005","34.610874 33.005",1,15,"2002",89
"765","TM",2002-05-17,"176",36,"34.611095 33.01753","34.611095 33.01753",0,1,"2002",137
"766","TM",2002-06-18,"176",36,"34.611122 33.03","34.611122 33.03",0,0,"2002",169
"767","TM",2004-01-15,"176",36,"34.611095 33.10247","34.611095 33.10247",8,83,"2004",15
"768","TM",2004-01-31,"176",36,"34.61107 33.105","34.61107 33.105",5,57,"2004",31
"769","TM",2004-03-03,"176",36,"34.611145 33.09747","34.611145 33.09747",7,79,"2004",63
"770","TM",2004-03-19,"176",36,"34.611145 33.077473","34.611145 33.077473",0,1,"2004",79
"771","TM",2004-04-04,"176",36,"34.611095 33.15247","34.611095 33.15247",0,1,"2004",95
"772","TM",2004-04-20,"176",36,"34.611095 33.142467","34.611095 33.142467",1,17,"2004",111
"773","TM",2004-05-06,"176",36,"34.611095 33.14747","34.611095 33.14747",3,33,"2004",127
"774","TM",2004-05-22,"176",36,"34.61107 33.14994","34.61107 33.14994",0,0,"2004",143
"775","TM",2004-06-07,"176",36,"34.611145 33.14247","34.611145 33.14247",0,0,"2004",159
"776","TM",2004-06-23,"176",36,"34.61117 33.135002","34.61117 33.135002",0,2,"2004",175
"777","TM",2004-07-09,"176",36,"34.611168 33.125","34.611168 33.125",0,0,"2004",191
"778","TM",2004-07-25,"176",36,"34.611145 33.12747","34.611145 33.12747",0,0,"2004",207
"779","TM",2004-08-10,"176",36,"34.61107 33.155003","34.61107 33.155003",0,3,"2004",223
"780","TM",2004-08-26,"176",36,"34.611095 33.142467","34.611095 33.142467",0,0,"2004",239
"781","TM",2004-09-11,"176",36,"34.61107 33.12994","34.61107 33.12994",0,3,"2004",255
"782","TM",2004-09-27,"176",36,"34.611122 33.13","34.611122 33.13",0,0,"2004",271
"783","TM",2004-10-13,"176",36,"34.611145 33.12747","34.611145 33.12747",0,1,"2004",287
"784","TM",2004-10-29,"176",36,"34.611145 33.12247","34.611145 33.12247",4,40,"2004",303
"785","TM",2004-11-30,"176",36,"34.611095 33.11247","34.611095 33.11247",0,9,"2004",335
"786","TM",2004-12-16,"176",36,"34.611095 33.10247","34.611095 33.10247",0,9,"2004",351
"787","TM",2005-01-01,"176",36,"34.611046 33.107468","34.611046 33.107468",2,26,"2005",1
"788","TM",2005-01-17,"176",36,"34.611122 33.12","34.611122 33.12",8,84,"2005",17
"789","TM",2005-02-02,"176",36,"34.611145 33.12747","34.611145 33.12747",8,82,"2005",33
"790","TM",2005-02-18,"176",36,"34.611145 33.10747","34.611145 33.10747",8,86,"2005",49
"791","TM",2005-03-06,"176",36,"34.61112 33.09","34.61112 33.09",9,99,"2005",65
"792","TM",2005-03-22,"176",36,"34.608646 33.117508","34.608646 33.117508",0,4,"2005",81
"793","TM",2005-04-07,"176",36,"34.611095 33.10247","34.611095 33.10247",0,2,"2005",97
"794","TM",2005-04-23,"176",36,"34.61107 33.114998","34.61107 33.114998",3,36,"2005",113
"795","TM",2005-05-09,"176",36,"34.611095 33.12247","34.611095 33.12247",0,1,"2005",129
"796","TM",2005-05-25,"176",36,"34.61117 33.115","34.61117 33.115",0,3,"2005",145
"797","TM",2005-06-10,"176",36,"34.61117 33.105","34.61117 33.105",0,2,"2005",161
"798","TM",2005-06-26,"176",36,"34.608696 33.132507","34.608696 33.132507",0,0,"2005",177
"799","TM",2005-07-12,"176",36,"34.611168 33.095","34.611168 33.095",0,0,"2005",193
"800","TM",2005-07-28,"176",36,"34.611122 33.070004","34.611122 33.070004",0,0,"2005",209
"801","TM",2005-08-13,"176",36,"34.611122 33.05","34.611122 33.05",0,0,"2005",225
"802","TM",2005-09-14,"176",36,"34.61117 33.045","34.61117 33.045",0,0,"2005",257
"803","TM",2005-09-30,"176",36,"34.611168 33.055","34.611168 33.055",0,0,"2005",273
"804","TM",2005-10-16,"176",36,"34.611168 33.065002","34.611168 33.065002",4,43,"2005",289
"805","TM",2005-11-01,"176",36,"34.611145 33.137466","34.611145 33.137466",3,36,"2005",305
"806","TM",2005-11-17,"176",36,"34.611095 33.142467","34.611095 33.142467",2,24,"2005",321
"807","TM",2006-02-05,"176",36,"34.611195 33.162468","34.611195 33.162468",5,53,"2006",36
"808","TM",2006-02-21,"176",36,"34.61117 33.155","34.61117 33.155",0,1,"2006",52
"809","TM",2006-03-09,"176",36,"34.611095 33.142467","34.611095 33.142467",5,51,"2006",68
"810","TM",2006-04-10,"176",36,"34.61607 33.105","34.61607 33.105",2,23,"2006",100
"811","TM",2006-04-26,"176",36,"34.611122 33.13","34.611122 33.13",0,0,"2006",116
"812","TM",2006-05-12,"176",36,"34.611145 33.137466","34.611145 33.137466",0,0,"2006",132
"813","TM",2006-05-28,"176",36,"34.611195 33.142467","34.611195 33.142467",0,0,"2006",148
"814","TM",2006-06-13,"176",36,"34.611195 33.13247","34.611195 33.13247",0,0,"2006",164
"815","TM",2006-07-15,"176",36,"34.61107 33.114998","34.61107 33.114998",0,1,"2006",196
"816","TM",2006-07-31,"176",36,"34.611095 33.12247","34.611095 33.12247",0,1,"2006",212
"817","TM",2006-08-16,"176",36,"34.611095 33.12247","34.611095 33.12247",0,1,"2006",228
"818","TM",2006-09-01,"176",36,"34.611145 33.11747","34.611145 33.11747",0,4,"2006",244
"819","TM",2006-09-17,"176",36,"34.61122 33.11","34.61122 33.11",0,0,"2006",260
"820","TM",2006-10-03,"176",36,"34.611168 33.095","34.611168 33.095",0,2,"2006",276
"821","TM",2006-10-19,"176",36,"34.611122 33.08","34.611122 33.08",2,21,"2006",292
"822","TM",2006-11-20,"176",36,"34.60612 33.08","34.60612 33.08",0,9,"2006",324
"823","TM",2006-12-06,"176",36,"34.611122 33.04","34.611122 33.04",1,18,"2006",340
"824","TM",2006-12-22,"176",36,"34.611195 33.032475","34.611195 33.032475",3,36,"2006",356
"825","TM",2007-01-07,"176",36,"34.61117 33.015","34.61117 33.015",4,42,"2007",7
"826","TM",2007-01-23,"176",36,"34.611244 32.99747","34.611244 32.99747",0,1,"2007",23
"827","TM",2007-02-08,"176",36,"34.611168 32.984997","34.611168 32.984997",1,10,"2007",39
"828","TM",2007-02-24,"176",36,"34.611145 32.97747","34.611145 32.97747",0,3,"2007",55
"829","TM",2007-03-28,"176",36,"34.611122 32.979996","34.611122 32.979996",0,4,"2007",87
"830","TM",2007-04-13,"176",36,"34.611168 32.984997","34.611168 32.984997",1,11,"2007",103
"831","TM",2007-04-29,"176",36,"34.61122 32.995003","34.61122 32.995003",0,7,"2007",119
"832","TM",2007-05-15,"176",36,"34.61122 33.01","34.61122 33.01",2,22,"2007",135
"833","TM",2007-05-31,"176",36,"34.61122 33.04","34.61122 33.04",0,0,"2007",151
"834","TM",2007-06-16,"176",36,"34.611145 33.077473","34.611145 33.077473",0,0,"2007",167
"835","TM",2007-07-02,"176",36,"34.611122 33.12","34.611122 33.12",0,1,"2007",183
"836","TM",2007-07-18,"176",36,"34.611095 33.12247","34.611095 33.12247",0,0,"2007",199
"837","TM",2007-08-03,"176",36,"34.611122 33.13","34.611122 33.13",0,1,"2007",215
"838","TM",2007-08-19,"176",36,"34.61117 33.135075","34.61117 33.135075",0,1,"2007",231
"839","TM",2008-03-14,"176",36,"34.611168 33.095","34.611168 33.095",1,12,"2008",74
"840","TM",2008-03-30,"176",36,"34.611195 33.08247","34.611195 33.08247",5,55,"2008",90
"841","TM",2008-04-15,"176",36,"34.611168 33.075","34.611168 33.075",0,0,"2008",106
"842","TM",2008-05-01,"176",36,"34.61127 33.075","34.61127 33.075",0,1,"2008",122
"843","TM",2008-05-17,"176",36,"34.611145 33.067474","34.611145 33.067474",0,4,"2008",138
"844","TM",2008-06-02,"176",36,"34.611145 33.067474","34.611145 33.067474",0,0,"2008",154
"845","TM",2008-06-18,"176",36,"34.61107 33.065","34.61107 33.065",0,0,"2008",170
"846","TM",2008-07-04,"176",36,"34.611145 33.067474","34.611145 33.067474",0,0,"2008",186
"847","TM",2008-07-20,"176",36,"34.611145 33.067474","34.611145 33.067474",0,0,"2008",202
"848","TM",2008-08-21,"176",36,"34.61122 33.06","34.61122 33.06",0,1,"2008",234
"849","TM",2008-09-06,"176",36,"34.61122 33.04","34.61122 33.04",0,0,"2008",250
"850","TM",2008-09-22,"176",36,"34.611145 33.027473","34.611145 33.027473",3,30,"2008",266
"851","TM",2008-10-08,"176",36,"34.611122 33.02","34.611122 33.02",1,11,"2008",282
"852","TM",2008-10-24,"176",36,"34.611073 33.015","34.611073 33.015",0,1,"2008",298
"853","TM",2008-11-09,"176",36,"34.61122 33.189995","34.61122 33.189995",0,5,"2008",314
"854","TM",2008-11-25,"176",36,"34.61122 33.190075","34.61122 33.190075",0,3,"2008",330
"855","TM",2008-12-11,"176",36,"34.611244 33.17747","34.611244 33.17747",0,1,"2008",346
"856","TM",2008-12-27,"176",36,"34.6112 33.172543","34.6112 33.172543",0,3,"2008",362
"857","TM",2009-01-12,"176",36,"34.611195 33.17247","34.611195 33.17247",0,3,"2009",12
"858","TM",2009-02-13,"176",36,"34.608696 33.18251","34.608696 33.18251",1,12,"2009",44
"859","TM",2009-04-02,"176",36,"34.61122 33.140003","34.61122 33.140003",0,2,"2009",92
"860","TM",2009-04-18,"176",36,"34.611244 33.13747","34.611244 33.13747",0,2,"2009",108
"861","TM",2009-05-04,"176",36,"34.611195 33.13247","34.611195 33.13247",2,24,"2009",124
"862","TM",2009-05-20,"176",36,"34.611145 33.12747","34.611145 33.12747",0,4,"2009",140
"863","TM",2009-06-05,"176",36,"34.611122 33.13","34.611122 33.13",0,1,"2009",156
"864","TM",2009-06-05,"176",36,"34.611122 33.13","34.611122 33.13",0,1,"2009",156
"865","TM",2009-06-21,"176",36,"34.611168 33.125","34.611168 33.125",0,0,"2009",172
"866","TM",2009-07-07,"176",36,"34.611195 33.12247","34.611195 33.12247",0,4,"2009",188
"867","TM",2009-07-23,"176",36,"34.608746 33.147507","34.608746 33.147507",0,0,"2009",204
"868","TM",2009-08-08,"176",36,"34.611195 33.12247","34.611195 33.12247",0,6,"2009",220
"869","TM",2009-08-24,"176",36,"34.611168 33.11994","34.611168 33.11994",0,1,"2009",236
"870","TM",2009-09-25,"176",36,"34.611122 33.109997","34.611122 33.109997",0,0,"2009",268
"871","TM",2009-10-11,"176",36,"34.611145 33.10747","34.611145 33.10747",0,0,"2009",284
"872","TM",2009-10-27,"176",36,"34.611195 33.112473","34.611195 33.112473",1,17,"2009",300
"873","TM",2009-11-12,"176",36,"34.611244 33.11747","34.611244 33.11747",0,6,"2009",316
"874","TM",2009-11-28,"176",36,"34.61122 33.12","34.61122 33.12",0,2,"2009",332
"875","TM",2009-12-14,"176",36,"34.611195 33.112473","34.611195 33.112473",0,9,"2009",348
"876","TM",2010-01-15,"176",36,"34.61117 33.105","34.61117 33.105",2,29,"2010",15
"877","TM",2010-01-31,"176",36,"34.611195 33.10247","34.611195 33.10247",1,11,"2010",31
"878","TM",2010-02-16,"176",36,"34.611145 33.09747","34.611145 33.09747",0,9,"2010",47
"879","TM",2010-03-04,"176",36,"34.611244 33.097473","34.611244 33.097473",5,51,"2010",63
"880","TM",2010-04-05,"176",36,"34.611244 33.097473","34.611244 33.097473",0,0,"2010",95
"881","TM",2010-04-21,"176",36,"34.61122 33.100002","34.61122 33.100002",0,9,"2010",111
"882","TM",2010-05-07,"176",36,"34.611195 33.10247","34.611195 33.10247",0,1,"2010",127
"883","TM",2010-06-24,"176",36,"34.61122 33.11","34.61122 33.11",0,5,"2010",175
"884","TM",2010-07-10,"176",36,"34.61122 33.11","34.61122 33.11",0,1,"2010",191
"885","TM",2010-08-27,"176",36,"34.611168 33.095","34.611168 33.095",0,0,"2010",239
"886","TM",2010-09-28,"176",36,"34.611168 33.065002","34.611168 33.065002",0,1,"2010",271
"887","TM",2010-10-14,"176",36,"34.611195 33.057526","34.611195 33.057526",0,2,"2010",287
"888","TM",2010-10-30,"176",36,"34.61127 33.075","34.61127 33.075",2,24,"2010",303
"889","TM",2010-11-15,"176",36,"34.61122 33.11","34.61122 33.11",1,10,"2010",319
"890","TM",2011-01-02,"176",36,"34.61122 33.12","34.61122 33.12",1,18,"2011",2
"891","TM",2011-01-18,"176",36,"34.611195 33.12247","34.611195 33.12247",2,27,"2011",18
"892","TM",2011-02-03,"176",36,"34.611244 33.11747","34.611244 33.11747",6,67,"2011",34
"893","TM",2011-02-19,"176",36,"34.611244 33.10747","34.611244 33.10747",2,23,"2011",50
"894","TM",2011-03-07,"176",36,"34.611195 33.10247","34.611195 33.10247",4,43,"2011",66
"895","TM",2011-03-23,"176",36,"34.61117 33.115","34.61117 33.115",1,17,"2011",82
"896","TM",2011-04-08,"176",36,"34.61122 33.100002","34.61122 33.100002",1,12,"2011",98
"897","TM",2011-04-24,"176",36,"34.611195 33.112473","34.611195 33.112473",2,20,"2011",114
"898","TM",2011-07-13,"176",36,"34.61122 33.100002","34.61122 33.100002",0,0,"2011",194
"899","TM",2011-07-29,"176",36,"34.613697 33.082508","34.613697 33.082508",0,0,"2011",210
"900","TM",2011-08-30,"176",36,"34.611168 33.095","34.611168 33.095",0,8,"2011",242
"901","TM",2011-10-01,"176",36,"34.611195 33.12247","34.611195 33.12247",0,1,"2011",274
"902","TM",2011-10-17,"176",36,"34.61122 33.11","34.61122 33.11",0,2,"2011",290
"903","TM",2011-11-02,"176",36,"34.61127 33.105003","34.61127 33.105003",2,21,"2011",306
"904","ETM",1999-07-20,"176",36,"34.61087 33.100002","34.61087 33.100002",0,0,"1999",201
"905","ETM",1999-08-05,"176",36,"34.61087 33.075","34.61087 33.075",0,1,"1999",217
"906","ETM",1999-09-06,"176",36,"34.610874 33.085","34.610874 33.085",0,6,"1999",249
"907","ETM",1999-09-22,"176",36,"34.610897 33.08247","34.610897 33.08247",0,0,"1999",265
"908","ETM",1999-11-09,"176",36,"34.610897 33.05247","34.610897 33.05247",1,13,"1999",313
"909","ETM",1999-12-11,"176",36,"34.97748 33.167515","34.97748 33.167515",2,23,"1999",345
"910","ETM",2000-01-12,"176",36,"34.830364 33.144997","34.830364 33.144997",2,24,"2000",12
"911","ETM",2000-01-12,"176",36,"34.610897 33.08247","34.610897 33.08247",2,29,"2000",12
"912","ETM",2000-01-28,"176",36,"34.932617 33.172512","34.932617 33.172512",0,1,"2000",28
"913","ETM",2000-01-28,"176",36,"34.610897 33.08247","34.610897 33.08247",0,3,"2000",28
"914","ETM",2000-02-13,"176",36,"34.92262 33.172512","34.92262 33.172512",3,30,"2000",44
"915","ETM",2000-02-13,"176",36,"34.610874 33.085","34.610874 33.085",3,31,"2000",44
"916","ETM",2000-02-29,"176",36,"34.880226 33.17","34.880226 33.17",2,22,"2000",60
"917","ETM",2000-03-16,"176",36,"34.610897 33.08247","34.610897 33.08247",0,2,"2000",76
"918","ETM",2000-04-01,"176",36,"34.610897 33.067528","34.610897 33.067528",1,18,"2000",92
"919","ETM",2000-04-17,"176",36,"35.002438 33.202515","35.002438 33.202515",2,23,"2000",108
"920","ETM",2000-04-17,"176",36,"34.61087 33.095","34.61087 33.095",1,13,"2000",108
"921","ETM",2000-05-19,"176",36,"34.61085 33.06747","34.61085 33.06747",0,1,"2000",140
"922","ETM",2000-06-04,"176",36,"34.61087 33.075","34.61087 33.075",0,1,"2000",156
"923","ETM",2000-06-20,"176",36,"34.61087 33.045","34.61087 33.045",0,0,"2000",172
"924","ETM",2000-07-06,"176",36,"34.495552 33.027473","34.495552 33.027473",0,0,"2000",188
"925","ETM",2000-07-22,"176",36,"34.61087 33.075","34.61087 33.075",0,2,"2000",204
"926","ETM",2000-08-07,"176",36,"34.610874 33.085","34.610874 33.085",0,0,"2000",220
"927","ETM",2000-08-23,"176",36,"34.610897 33.05753","34.610897 33.05753",0,0,"2000",236
"928","ETM",2000-09-08,"176",36,"34.61087 33.065002","34.61087 33.065002",0,0,"2000",252
"929","ETM",2000-10-10,"176",36,"34.61087 33.035","34.61087 33.035",2,20,"2000",284
"930","ETM",2000-10-26,"176",36,"34.610897 33.092472","34.610897 33.092472",1,14,"2000",300
"931","ETM",2000-11-11,"176",36,"34.610924 33.100002","34.610924 33.100002",0,2,"2000",316
"932","ETM",2000-12-13,"176",36,"34.61087 33.095","34.61087 33.095",1,13,"2000",348
"933","ETM",2000-12-29,"176",36,"34.610874 33.085","34.610874 33.085",1,10,"2000",364
"934","ETM",2001-01-14,"176",36,"34.61087 33.075","34.61087 33.075",0,6,"2001",14
"935","ETM",2001-01-30,"176",36,"34.61087 33.065002","34.61087 33.065002",0,0,"2001",30
"936","ETM",2001-02-15,"176",36,"34.610897 33.07247","34.610897 33.07247",1,16,"2001",46
"937","ETM",2001-03-03,"176",36,"34.61087 33.075","34.61087 33.075",1,10,"2001",62
"938","ETM",2001-03-19,"176",36,"34.610874 33.085","34.610874 33.085",0,1,"2001",78
"939","ETM",2001-04-04,"176",36,"34.610897 33.10247","34.610897 33.10247",1,13,"2001",94
"940","ETM",2001-04-20,"176",36,"34.610897 33.05753","34.610897 33.05753",0,3,"2001",110
"941","ETM",2001-05-06,"176",36,"34.610897 33.04247","34.610897 33.04247",0,1,"2001",126
"942","ETM",2001-05-22,"176",36,"34.610897 33.05247","34.610897 33.05247",0,0,"2001",142
"943","ETM",2001-06-07,"176",36,"34.61087 33.065002","34.61087 33.065002",0,0,"2001",158
"944","ETM",2001-07-25,"176",36,"34.610897 33.03753","34.610897 33.03753",0,0,"2001",206
"945","ETM",2001-08-10,"176",36,"34.610897 33.067528","34.610897 33.067528",0,0,"2001",222
"946","ETM",2001-08-26,"176",36,"34.61087 33.065002","34.61087 33.065002",0,0,"2001",238
"947","ETM",2001-09-11,"176",36,"34.61087 33.055","34.61087 33.055",0,2,"2001",254
"948","ETM",2001-10-29,"176",36,"34.610897 33.10247","34.610897 33.10247",3,34,"2001",302
"949","ETM",2001-12-16,"176",36,"34.613373 33.085037","34.613373 33.085037",0,2,"2001",350
"950","ETM",2002-01-17,"176",36,"34.610897 33.08247","34.610897 33.08247",0,3,"2002",17
"951","ETM",2002-02-02,"176",36,"34.610874 33.085","34.610874 33.085",0,1,"2002",33
"952","ETM",2002-02-18,"176",36,"34.610874 33.085","34.610874 33.085",0,0,"2002",49
"953","ETM",2002-03-06,"176",36,"34.610897 33.067528","34.610897 33.067528",0,1,"2002",65
"954","ETM",2002-03-22,"176",36,"34.610897 33.092472","34.610897 33.092472",0,1,"2002",81
"955","ETM",2002-04-07,"176",36,"34.610897 33.08247","34.610897 33.08247",0,4,"2002",97
"956","ETM",2002-04-23,"176",36,"34.61087 33.075","34.61087 33.075",1,12,"2002",113
"957","ETM",2002-07-12,"176",36,"34.835346 33.12248","34.835346 33.12248",0,6,"2002",193
"958","ETM",2002-07-28,"176",36,"34.610897 33.067528","34.610897 33.067528",0,0,"2002",209
"959","ETM",2002-08-29,"176",36,"34.610924 33.07","34.610924 33.07",0,0,"2002",241
"960","ETM",2002-09-14,"176",36,"34.610897 33.062473","34.610897 33.062473",0,0,"2002",257
"961","ETM",2002-09-30,"176",36,"34.61092 33.05","34.61092 33.05",0,0,"2002",273
"962","ETM",2002-10-16,"176",36,"34.6134 33.087563","34.6134 33.087563",0,4,"2002",289
"963","ETM",2002-11-01,"176",36,"34.613422 33.110035","34.613422 33.110035",0,2,"2002",305
"964","ETM",2002-12-19,"176",36,"34.6134 33.10251","34.6134 33.10251",9,93,"2002",353
"965","ETM",2003-02-21,"176",36,"34.613422 33.09004","34.613422 33.09004",5,52,"2003",52
"966","ETM",2003-03-09,"176",36,"34.610924 33.079998","34.610924 33.079998",0,7,"2003",68
"967","ETM",2003-03-25,"176",36,"34.613373 33.115036","34.613373 33.115036",4,41,"2003",84
"968","ETM",2003-04-26,"176",36,"34.610897 33.077526","34.610897 33.077526",2,22,"2003",116
"969","ETM",2003-05-12,"176",36,"34.613373 33.075035","34.613373 33.075035",0,0,"2003",132
"970","ETM",2003-05-28,"176",36,"34.6134 33.07251","34.6134 33.07251",0,9,"2003",148
"971","ETM",2003-11-20,"176",36,"34.613373 33.065037","34.613373 33.065037",0,1,"2003",324
"972","ETM",2003-12-06,"176",36,"34.613373 33.085037","34.613373 33.085037",1,17,"2003",340
"973","ETM",2003-12-22,"176",36,"34.610924 33.079998","34.610924 33.079998",6,63,"2003",356
"974","ETM",2001-03-19,"176",36,"34.610874 33.085","34.610874 33.085",0,1,"2001",78
