browseAvailable,browseURL,sceneID,sensor,acquisitionDate,dateUpdated,path,row,upperLeftCornerLatitude,upperLeftCornerLongitude,upperRightCornerLatitude,upperRightCornerLongitude,lowerLeftCornerLatitude,lowerLeftCornerLongitude,lowerRightCornerLatitude,lowerRightCornerLongitude,sceneCenterLatitude,sceneCenterLongitude,cloudCover,cloudCoverFull,dayOrNight,sunElevation,sunAzimuth,receivingStation,sceneStartTime,sceneStopTime,imageQuality1,DATA_TYPE_L1,cartURL,ROLL_ANGLE,GEOMETRIC_RMSE_MODEL_X,GEOMETRIC_RMSE_MODEL_Y,FULL_PARTIAL_SCENE,NADIR_OFFNADIR,PROCESSING_SOFTWARE_VERSION,CPF_NAME,RLUT_FILE_NAME,BPF_NAME_OLI,BPF_NAME_TIRS,GROUND_CONTROL_POINTS_MODEL,GROUND_CONTROL_POINTS_VERSION,DATE_L1_GENERATED,TIRS_SSM_MODEL
Y,http://earthexplorer.usgs.gov/browse/landsat_8/2016/176/036/LC81760362016192LGN00.jpg,LC81760362016192LGN00,OLI_TIRS,2016-07-10,2016-07-10,176,36,35.6628,32.34058,35.27124,34.38409,33.93541,31.87345,33.54442,33.87488,34.61061,33.11964,0,2.14,DAY,66.63491011,116.23625442,LGN,2016:192:08:22:19.3810690,2016:192:08:22:51.1510660,9,L1T,http://earthexplorer.usgs.gov/order/process?dataset_name=LANDSAT_8&ordered=LC81760362016192LGN00,-.001,5.32,5.469,FULL,NADIR,LPGS_2.6.2,L8CPF20160701_20160930.01,L8RLUT20150303_20431231v11.h5,LO8BPF20160710075716_20160710084215.01,LT8BPF20160707083823_20160707085159.01,268,4,2016-07-10 10:38:02,PRELIMINARY
Y,http://earthexplorer.usgs.gov/browse/landsat_8/2016/176/036/LC81760362016176LGN00.jpg,LC81760362016176LGN00,OLI_TIRS,2016-06-24,2016-07-09,176,36,35.66305,32.34919,35.27144,34.39282,33.9357,31.88202,33.54465,33.88357,34.61085,33.12827,0,3.44,DAY,67.8933087,114.65132937,LGN,2016:176:08:22:11.0277010,2016:176:08:22:42.7976980,9,L1T,http://earthexplorer.usgs.gov/order/process?dataset_name=LANDSAT_8&ordered=LC81760362016176LGN00,-.001,5.389,5.579,FULL,NADIR,LPGS_2.6.2,L8CPF20160401_20160630.04,L8RLUT20150303_20431231v11.h5,LO8BPF20160624075708_20160624084207.01,LT8BPF20160620195437_20160707083823.01,269,4,2016-07-09 13:54:50,FINAL
Y,http://earthexplorer.usgs.gov/browse/landsat_8/2016/176/036/LC81760362016160LGN00.jpg,LC81760362016160LGN00,OLI_TIRS,2016-06-08,2016-06-24,176,36,35.663,32.34526,35.27135,34.38889,33.93566,31.87806,33.54458,33.87961,34.61076,33.12433,0,2.18,DAY,68.19918856,116.92602771,LGN,2016:160:08:22:05.2888650,2016:160:08:22:37.0588620,9,L1T,http://earthexplorer.usgs.gov/order/process?dataset_name=LANDSAT_8&ordered=LC81760362016160LGN00,-.001,5.305,5.261,FULL,NADIR,LPGS_2.6.2,L8CPF20160401_20160630.03,L8RLUT20150303_20431231v11.h5,LO8BPF20160608075702_20160608084201.01,LT8BPF20160606063351_20160620173313.01,277,4,2016-06-24 04:25:19,FINAL
Y,http://earthexplorer.usgs.gov/browse/landsat_8/2016/176/036/LC81760362016144LGN00.jpg,LC81760362016144LGN00,OLI_TIRS,2016-05-23,2016-06-22,176,36,35.66309,32.33372,35.27141,34.37734,33.93573,31.86646,33.5446,33.86801,34.61082,33.11278,2,23.19,DAY,67.19040065,122.27950152,LGN,2016:144:08:22:00.9750420,2016:144:08:22:32.7450390,9,L1T,http://earthexplorer.usgs.gov/order/process?dataset_name=LANDSAT_8&ordered=LC81760362016144LGN00,-.001,6.19,5.791,FULL,NADIR,LPGS_2.6.2,L8CPF20160401_20160630.03,L8RLUT20150303_20431231v11.h5,LO8BPF20160523075658_20160523084157.02,LT8BPF20160522121054_20160606055146.01,142,4,2016-06-22 03:59:45,FINAL
Y,http://earthexplorer.usgs.gov/browse/landsat_8/2016/176/036/LC81760362016128LGN00.jpg,LC81760362016128LGN00,OLI_TIRS,2016-05-07,2016-06-22,176,36,35.66287,32.30889,35.27124,34.35198,33.93537,31.84155,33.5443,33.84257,34.61057,33.08763,1,13.12,DAY,64.5820581,128.76698706,LGN,2016:128:08:21:59.4881960,2016:128:08:22:31.2581930,9,L1T,http://earthexplorer.usgs.gov/order/process?dataset_name=LANDSAT_8&ordered=LC81760362016128LGN00,-.001,5.575,4.924,FULL,NADIR,LPGS_2.6.2,L8CPF20160401_20160630.03,L8RLUT20150303_20431231v11.h5,LO8BPF20160507075656_20160507084155.01,LT8BPF20160507073845_20160522095010.01,137,4,2016-06-22 03:55:31,ACTUAL
Y,http://earthexplorer.usgs.gov/browse/landsat_8/2016/176/036/LC81760362016112LGN00.jpg,LC81760362016112LGN00,OLI_TIRS,2016-04-21,2016-06-22,176,36,35.66241,32.31301,35.27209,34.35642,33.93466,31.84728,33.54486,33.8486,34.61065,33.09272,6,65.04,DAY,60.44812187,134.66817497,LGN,2016:112:08:21:56.3884110,2016:112:08:22:28.1584070,9,L1T,http://earthexplorer.usgs.gov/order/process?dataset_name=LANDSAT_8&ordered=LC81760362016112LGN00,-.001,5.562,5.042,FULL,NADIR,LPGS_2.6.2,L8CPF20160401_20160630.03,L8RLUT20150303_20431231v11.h5,LO8BPF20160421075653_20160421084152.02,LT8BPF20160408000419_20160422175416.01,241,4,2016-06-22 03:59:33,FINAL
Y,http://earthexplorer.usgs.gov/browse/landsat_8/2016/176/036/LC81760362016096LGN00.jpg,LC81760362016096LGN00,OLI_TIRS,2016-04-05,2016-06-22,176,36,35.66242,32.32391,35.27199,34.36749,33.93477,31.8581,33.54486,33.85958,34.61065,33.10365,0,3.12,DAY,55.16914578,139.3708792,LGN,2016:096:08:22:02.4936550,2016:096:08:22:34.2636510,9,L1T,http://earthexplorer.usgs.gov/order/process?dataset_name=LANDSAT_8&ordered=LC81760362016096LGN00,-.001,5.027,4.23,FULL,NADIR,LPGS_2.6.2,L8CPF20160401_20160630.03,L8RLUT20150303_20431231v11.h5,LO8BPF20160405075659_20160405085245.02,LT8BPF20160324055900_20160407213750.01,334,4,2016-06-22 04:00:36,FINAL
Y,http://earthexplorer.usgs.gov/browse/landsat_8/2016/176/036/LC81760362016080LGN00.jpg,LC81760362016080LGN00,OLI_TIRS,2016-03-20,2016-06-22,176,36,35.66275,32.31999,35.27219,34.3638,33.9352,31.8541,33.54518,33.8558,34.61098,33.09979,0,6.81,DAY,49.24085366,143.00349344,LGN,2016:080:08:22:11.2720110,2016:080:08:22:43.0420080,9,L1T,http://earthexplorer.usgs.gov/order/process?dataset_name=LANDSAT_8&ordered=LC81760362016080LGN00,-.001,5.449,4.438,FULL,NADIR,LPGS_2.6.2,L8CPF20160101_20160331.03,L8RLUT20150303_20431231v11.h5,LO8BPF20160320075708_20160320085430.01,LT8BPF20160309080230_20160324033852.01,223,4,2016-06-22 04:00:52,FINAL
Y,http://earthexplorer.usgs.gov/browse/landsat_8/2016/176/036/LC81760362016064LGN00.jpg,LC81760362016064LGN00,OLI_TIRS,2016-03-04,2016-06-22,176,36,35.66259,32.32239,35.27189,34.3664,33.93509,31.85641,33.54493,33.85832,34.61075,33.10225,2,29.16,DAY,43.22928313,146.04283387,LGN,2016:064:08:22:17.4168920,2016:064:08:22:49.1868880,9,L1T,http://earthexplorer.usgs.gov/order/process?dataset_name=LANDSAT_8&ordered=LC81760362016064LGN00,-.001,5.239,4.179,FULL,NADIR,LPGS_2.6.2,L8CPF20160101_20160331.03,L8RLUT20150303_20431231v11.h5,LO8BPF20160304063017_20160304085348.01,LT8BPF20160223122621_20160309074854.01,102,4,2016-06-22 04:05:01,FINAL
Y,http://earthexplorer.usgs.gov/browse/landsat_8/2016/176/036/LC81760362016048LGN00.jpg,LC81760362016048LGN00,OLI_TIRS,2016-02-17,2016-06-22,176,36,35.66242,32.34184,35.27168,34.38558,33.93487,31.87572,33.54466,33.87737,34.61056,33.12151,5,51.38,DAY,37.68883385,148.8602668,LGN,2016:048:08:22:18.5237700,2016:048:08:22:50.2937660,9,L1T,http://earthexplorer.usgs.gov/order/process?dataset_name=LANDSAT_8&ordered=LC81760362016048LGN00,-.001,4.887,4.51,FULL,NADIR,LPGS_2.6.2,L8CPF20160101_20160331.03,L8RLUT20150303_20431231v11.h5,LO8BPF20160217081047_20160217085749.02,LT8BPF20160208080723_20160223100557.01,350,4,2016-06-22 04:05:01,FINAL
Y,http://earthexplorer.usgs.gov/browse/landsat_8/2016/176/036/LC81760362016032LGN00.jpg,LC81760362016032LGN00,OLI_TIRS,2016-02-01,2016-06-22,176,36,35.66258,32.32369,35.27174,34.36741,33.93509,31.85743,33.5448,33.85906,34.61067,33.10328,8,83.17,DAY,33.14159,151.66824267,LGN,2016:032:08:22:27.2286910,2016:032:08:22:58.9986880,9,L1T,http://earthexplorer.usgs.gov/order/process?dataset_name=LANDSAT_8&ordered=LC81760362016032LGN00,-.001,6.469,4.815,FULL,NADIR,LPGS_2.6.2,L8CPF20160101_20160331.03,L8RLUT20150303_20431231v11.h5,LO8BPF20160201081454_20160201085758.01,LT8BPF20160124171309_20160208072447.01,136,4,2016-06-22 04:05:02,FINAL
Y,http://earthexplorer.usgs.gov/browse/landsat_8/2016/176/036/LC81760362016016LGN00.jpg,LC81760362016016LGN00,OLI_TIRS,2016-01-16,2016-06-22,176,36,35.66247,32.3292,35.27156,34.37285,33.93493,31.86286,33.54456,33.86442,34.61052,33.1087,0,9.06,DAY,30.02763443,154.44281809,LGN,2016:016:08:22:29.2279610,2016:016:08:23:00.9979580,9,L1T,http://earthexplorer.usgs.gov/order/process?dataset_name=LANDSAT_8&ordered=LC81760362016016LGN00,-.001,4.81,4.087,FULL,NADIR,LPGS_2.6.2,L8CPF20160101_20160331.03,L8RLUT20150303_20431231v11.h5,LO8BPF20160116081345_20160116090136.02,LT8BPF20160110081635_20160124145303.01,320,4,2016-06-22 03:56:40,FINAL
Y,http://earthexplorer.usgs.gov/browse/landsat_8/2015/176/036/LC81760362015365LGN00.jpg,LC81760362015365LGN00,OLI_TIRS,2015-12-31,2016-06-22,176,36,35.6629,32.33211,35.27193,34.37563,33.93536,31.86564,33.54494,33.86708,34.61091,33.11151,7,80.09,DAY,28.65308527,157.00393209,LGN,2015:365:08:22:30.7961830,2015:365:08:23:02.5661800,9,L1T,http://earthexplorer.usgs.gov/order/process?dataset_name=LANDSAT_8&ordered=LC81760362015365LGN00,-.001,5.366,5.06,FULL,NADIR,LPGS_2.6.2,L8CPF20151001_20151231.05,L8RLUT20150303_20431231v11.h5,LO8BPF20151231081434_20151231090137.02,LT8BPF20151225202015_20160110080819.04,36,4,2016-06-22 03:56:42,FINAL
Y,http://earthexplorer.usgs.gov/browse/landsat_8/2015/176/036/LC81760362015349LGN00.jpg,LC81760362015349LGN00,OLI_TIRS,2015-12-15,2016-06-22,176,36,35.66277,32.33235,35.27168,34.37609,33.93531,31.86582,33.54477,33.86746,34.61077,33.11181,4,44.5,DAY,29.12459821,159.00537306,LGN,2015:349:08:22:31.9970060,2015:349:08:23:03.7670020,9,L1T,http://earthexplorer.usgs.gov/order/process?dataset_name=LANDSAT_8&ordered=LC81760362015349LGN00,-.001,5.201,4.613,FULL,NADIR,LPGS_2.6.2,L8CPF20151001_20151231.05,L8RLUT20150303_20431231v11.h5,LO8BPF20151215081411_20151215090139.01,LT8BPF20151211180214_20151225175916.04,308,4,2016-06-22 03:55:37,ACTUAL
Y,http://earthexplorer.usgs.gov/browse/landsat_8/2015/176/036/LC81760362015333LGN00.jpg,LC81760362015333LGN00,OLI_TIRS,2015-11-29,2016-06-22,176,36,35.66301,32.32853,35.27186,34.37218,33.93556,31.86189,33.54496,33.86344,34.61098,33.10788,0,7.33,DAY,31.33567315,160.07867849,LGN,2015:333:08:22:33.2592170,2015:333:08:23:05.0292130,9,L1T,http://earthexplorer.usgs.gov/order/process?dataset_name=LANDSAT_8&ordered=LC81760362015333LGN00,-.001,5.188,4.474,FULL,NADIR,LPGS_2.6.2,L8CPF20151001_20151231.05,L8RLUT20150303_20431231v11.h5,LO8BPF20151129081349_20151129090140.02,LT8BPF20151126105640_20151211174838.04,261,4,2016-06-22 03:54:34,FINAL
Y,http://earthexplorer.usgs.gov/browse/landsat_8/2015/176/036/LC81760362015317LGN00.jpg,LC81760362015317LGN00,OLI_TIRS,2015-11-13,2016-06-22,176,36,35.66297,32.33986,35.2717,34.38364,33.93556,31.87309,33.54483,33.87478,34.6109,33.11922,0,.52,DAY,34.98175575,159.86283824,LGN,2015:317:08:22:30.1242230,2015:317:08:23:01.8942190,9,L1T,http://earthexplorer.usgs.gov/order/process?dataset_name=LANDSAT_8&ordered=LC81760362015317LGN00,-.001,4.828,4.505,FULL,NADIR,LPGS_2.6.2,L8CPF20151001_20151231.05,L8RLUT20150303_20431231v11.h5,LO8BPF20151113081234_20151113085801.02,LT8BPF20151029161821_20151113130336.01,334,4,2016-06-22 03:53:25,FINAL
Y,http://earthexplorer.usgs.gov/browse/landsat_8/2015/176/036/LC81760362015301LGN00.jpg,LC81760362015301LGN00,OLI_TIRS,2015-10-28,2016-06-22,176,36,35.66282,32.33352,35.27146,34.37732,33.9354,31.86669,33.54459,33.86839,34.61068,33.11286,3,36.57,DAY,39.63209655,158.09878766,LGN,2015:301:08:22:30.1589650,2015:301:08:23:01.9289620,9,L1T,http://earthexplorer.usgs.gov/order/process?dataset_name=LANDSAT_8&ordered=LC81760362015301LGN00,-.001,5.365,4.484,FULL,NADIR,LPGS_2.6.2,L8CPF20151001_20151231.05,L8RLUT20150303_20431231v11.h5,LO8BPF20151028081123_20151028085801.02,LT8BPF20151028080729_20151028085920.02,154,4,2016-06-22 03:52:40,ACTUAL
Y,http://earthexplorer.usgs.gov/browse/landsat_8/2015/176/036/LC81760362015285LGN00.jpg,LC81760362015285LGN00,OLI_TIRS,2015-10-12,2016-06-22,176,36,35.66301,32.34635,35.27157,34.39002,33.93562,31.87937,33.54474,33.88096,34.61086,33.12555,1,11.84,DAY,44.79683325,154.62717118,LGN,2015:285:08:22:24.7595770,2015:285:08:22:56.5295730,9,L1T,http://earthexplorer.usgs.gov/order/process?dataset_name=LANDSAT_8&ordered=LC81760362015285LGN00,-.001,4.957,4.665,FULL,NADIR,LPGS_2.6.2,L8CPF20151001_20151231.05,L8RLUT20150303_20431231v11.h5,LO8BPF20151012081117_20151012085731.02,LT8BPF20151012080723_20151012085850.02,301,4,2016-06-22 04:00:50,ACTUAL
Y,http://earthexplorer.usgs.gov/browse/landsat_8/2015/176/036/LC81760362015269LGN00.jpg,LC81760362015269LGN00,OLI_TIRS,2015-09-26,2016-06-22,176,36,35.66273,32.33472,35.2712,34.37844,33.93537,31.86768,33.5444,33.86932,34.61055,33.11393,0,1.91,DAY,49.99855188,149.42773503,LGN,2015:269:08:22:24.1279260,2015:269:08:22:55.8979220,9,L1T,http://earthexplorer.usgs.gov/order/process?dataset_name=LANDSAT_8&ordered=LC81760362015269LGN00,-.001,5.196,4.804,FULL,NADIR,LPGS_2.6.2,L8CPF20150701_20150930.03,L8RLUT20150303_20431231v11.h5,LO8BPF20150926081005_20150926085531.02,LT8BPF20150926080611_20150926085650.02,278,4,2016-06-22 04:00:33,ACTUAL
Y,http://earthexplorer.usgs.gov/browse/landsat_8/2015/176/036/LC81760362015253LGN00.jpg,LC81760362015253LGN00,OLI_TIRS,2015-09-10,2016-06-22,176,36,35.66315,32.34446,35.27156,34.38812,33.93578,31.87733,33.54476,33.87891,34.61091,33.12362,3,31.01,DAY,54.82978123,142.68658878,LGN,2015:253:08:22:17.4152350,2015:253:08:22:49.1852310,9,L1T,http://earthexplorer.usgs.gov/order/process?dataset_name=LANDSAT_8&ordered=LC81760362015253LGN00,-.001,4.984,4.734,FULL,NADIR,LPGS_2.6.2,L8CPF20150701_20150930.03,L8RLUT20150303_20431231v11.h5,LO8BPF20150910075714_20150910085324.01,LT8BPF20150910075320_20150910085443.01,273,4,2016-06-22 04:04:52,ACTUAL
Y,http://earthexplorer.usgs.gov/browse/landsat_8/2015/176/036/LC81760362015237LGN00.jpg,LC81760362015237LGN00,OLI_TIRS,2015-08-25,2016-06-22,176,36,35.66322,32.34853,35.27164,34.39192,33.93582,31.88128,33.54478,33.8826,34.61099,33.12745,0,4.78,DAY,58.99643431,134.8833758,LGN,2015:237:08:22:11.0599440,2015:237:08:22:42.8299400,9,L1T,http://earthexplorer.usgs.gov/order/process?dataset_name=LANDSAT_8&ordered=LC81760362015237LGN00,-.001,4.863,5.098,FULL,NADIR,LPGS_2.6.2,L8CPF20150701_20150930.03,L8RLUT20150303_20431231v11.h5,LO8BPF20150825075708_20150825084207.02,LT8BPF20150825075314_20150825084326.02,208,4,2016-06-22 04:06:07,ACTUAL
Y,http://earthexplorer.usgs.gov/browse/landsat_8/2015/176/036/LC81760362015221LGN00.jpg,LC81760362015221LGN00,OLI_TIRS,2015-08-09,2016-06-22,176,36,35.66279,32.35499,35.27114,34.39838,33.93539,31.8877,33.54431,33.88901,34.61057,33.13386,0,5.75,DAY,62.3724347,126.915828,LGN,2015:221:08:22:03.2192170,2015:221:08:22:34.9892130,9,L1T,http://earthexplorer.usgs.gov/order/process?dataset_name=LANDSAT_8&ordered=LC81760362015221LGN00,-.001,5.177,5.013,FULL,NADIR,LPGS_2.6.2,L8CPF20150701_20150930.03,L8RLUT20150303_20431231v11.h5,LO8BPF20150809080657_20150809084159.02,LT8BPF20150809080303_20150809084318.02,247,4,2016-06-22 03:59:33,ACTUAL
Y,http://earthexplorer.usgs.gov/browse/landsat_8/2015/176/036/LC81760362015205LGN00.jpg,LC81760362015205LGN00,OLI_TIRS,2015-07-24,2016-06-22,176,36,35.66294,32.33872,35.27127,34.38212,33.93555,31.87142,33.54444,33.87273,34.61067,33.11765,0,3.84,DAY,64.95773439,120.0098998,LGN,2015:205:08:21:59.9414950,2015:205:08:22:31.7114910,9,L1T,http://earthexplorer.usgs.gov/order/process?dataset_name=LANDSAT_8&ordered=LC81760362015205LGN00,-.001,5.127,5.215,FULL,NADIR,LPGS_2.6.2,L8CPF20150701_20150930.03,L8RLUT20150303_20431231v11.h5,LO8BPF20150724075657_20150724084156.02,LT8BPF20150724075303_20150724084353.02,260,4,2016-06-22 04:01:41,ACTUAL
Y,http://earthexplorer.usgs.gov/browse/landsat_8/2015/176/036/LC81760362015189LGN00.jpg,LC81760362015189LGN00,OLI_TIRS,2015-07-08,2016-06-22,176,36,35.6628,32.33436,35.27105,34.37802,33.93544,31.86704,33.54425,33.86861,34.61053,33.11336,0,7.66,DAY,66.82686904,115.54313593,LGN,2015:189:08:21:53.1550600,2015:189:08:22:24.9250560,9,L1T,http://earthexplorer.usgs.gov/order/process?dataset_name=LANDSAT_8&ordered=LC81760362015189LGN00,-.001,5.056,5.355,FULL,NADIR,LPGS_2.6.2,L8CPF20150701_20150930.03,L8RLUT20150303_20431231v11.h5,LO8BPF20150708075650_20150708084149.02,LT8BPF20150708075256_20150708084245.02,255,4,2016-06-22 04:06:07,ACTUAL
Y,http://earthexplorer.usgs.gov/browse/landsat_8/2015/176/036/LC81760362015173LGN00.jpg,LC81760362015173LGN00,OLI_TIRS,2015-06-22,2016-06-22,176,36,35.66299,32.34541,35.27123,34.38892,33.93563,31.87801,33.54443,33.87944,34.61071,33.1243,0,4.44,DAY,67.93166098,114.59784941,LGN,2015:173:08:21:43.2115420,2015:173:08:22:14.9815380,9,L1T,http://earthexplorer.usgs.gov/order/process?dataset_name=LANDSAT_8&ordered=LC81760362015173LGN00,-.001,5.104,5.197,FULL,NADIR,LPGS_2.6.2,L8CPF20150401_20150630.04,L8RLUT20150303_20431231v11.h5,LO8BPF20150622075643_20150622084139.02,LT8BPF20150622075246_20150622084234.02,244,4,2016-06-22 04:01:46,ACTUAL
Y,http://earthexplorer.usgs.gov/browse/landsat_8/2015/176/036/LC81760362015157LGN00.jpg,LC81760362015157LGN00,OLI_TIRS,2015-06-06,2016-06-22,176,36,35.66301,32.33956,35.27121,34.38315,33.93567,31.87214,33.54443,33.87365,34.61071,33.11852,0,10.92,DAY,68.03972442,117.48470302,LGN,2015:157:08:21:35.7920900,2015:157:08:22:07.5620860,9,L1T,http://earthexplorer.usgs.gov/order/process?dataset_name=LANDSAT_8&ordered=LC81760362015157LGN00,-.001,5.115,5.245,FULL,NADIR,LPGS_2.6.2,L8CPF20150401_20150630.04,L8RLUT20150303_20431231v11.h5,LO8BPF20150606075636_20150606084131.02,LT8BPF20150606075239_20150606084226.02,192,4,2016-06-22 04:01:46,ACTUAL
Y,http://earthexplorer.usgs.gov/browse/landsat_8/2015/176/036/LC81760362015141LGN00.jpg,LC81760362015141LGN00,OLI_TIRS,2015-05-21,2016-06-22,176,36,35.6629,32.3378,35.2711,34.38121,33.93553,31.87033,33.54429,33.87168,34.61056,33.11663,0,2.6,DAY,66.7653821,123.15586732,LGN,2015:141:08:21:27.0950900,2015:141:08:21:58.8650860,9,L1T,http://earthexplorer.usgs.gov/order/process?dataset_name=LANDSAT_8&ordered=LC81760362015141LGN00,-.001,5.217,5.379,FULL,NADIR,LPGS_2.6.2,L8CPF20150401_20150630.04,L8RLUT20150303_20431231v11.h5,LO8BPF20150521075627_20150521084123.02,LT8BPF20150521075234_20150521084216.02,219,4,2016-06-22 03:58:22,ACTUAL
Y,http://earthexplorer.usgs.gov/browse/landsat_8/2015/176/036/LC81760362015125LGN00.jpg,LC81760362015125LGN00,OLI_TIRS,2015-05-05,2016-06-22,176,36,35.66244,32.29045,35.27239,34.33377,33.93469,31.82502,33.54516,33.82624,34.61078,33.07025,0,.93,DAY,63.89301456,129.65613852,LGN,2015:125:08:21:33.2476920,2015:125:08:22:05.0176880,9,L1T,http://earthexplorer.usgs.gov/order/process?dataset_name=LANDSAT_8&ordered=LC81760362015125LGN00,-.001,5.222,4.713,FULL,NADIR,LPGS_2.6.2,L8CPF20150401_20150630.04,L8RLUT20150303_20431231v11.h5,LO8BPF20150505080630_20150505084129.01,LT8BPF20150505080236_20150505084222.01,303,4,2016-06-22 04:01:46,ACTUAL
Y,http://earthexplorer.usgs.gov/browse/landsat_8/2015/176/036/LC81760362015109LGN00.jpg,LC81760362015109LGN00,OLI_TIRS,2015-04-19,2016-06-22,176,36,35.66248,32.28234,35.27229,34.32604,33.9348,31.81685,33.54514,33.81845,34.61079,33.06229,0,3.21,DAY,59.69353637,135.23757812,LGN,2015:109:08:21:46.7173110,2015:109:08:22:18.4873080,9,L1T,http://earthexplorer.usgs.gov/order/process?dataset_name=LANDSAT_8&ordered=LC81760362015109LGN00,-.001,4.826,4.283,FULL,NADIR,LPGS_2.6.2,L8CPF20150401_20150630.04,L8RLUT20150303_20431231v11.h5,LO8BPF20150419075647_20150419084142.02,LT8BPF20150419075253_20150419084236.02,300,4,2016-06-22 04:03:52,ACTUAL
Y,http://earthexplorer.usgs.gov/browse/landsat_8/2015/176/036/LC81760362015093LGN00.jpg,LC81760362015093LGN00,OLI_TIRS,2015-04-03,2016-06-22,176,36,35.66266,32.3286,35.27233,34.37259,33.93508,31.86305,33.54529,33.86493,34.61097,33.10867,1,17.13,DAY,54.28143751,139.80489299,LGN,2015:093:08:21:46.5765490,2015:093:08:22:18.3465450,9,L1T,http://earthexplorer.usgs.gov/order/process?dataset_name=LANDSAT_8&ordered=LC81760362015093LGN00,-.001,5.584,5.119,FULL,NADIR,LPGS_2.6.2,L8CPF20150401_20150630.04,L8RLUT20150303_20431231v11.h5,LO8BPF20150403075647_20150403085253.01,LT8BPF20150403075253_20150403085346.02,158,4,2016-06-22 04:03:58,ACTUAL
Y,http://earthexplorer.usgs.gov/browse/landsat_8/2015/176/036/LC81760362015077LGN00.jpg,LC81760362015077LGN00,OLI_TIRS,2015-03-18,2016-06-22,176,36,35.66266,32.31752,35.2722,34.36168,33.93515,31.85182,33.54522,33.85388,34.61093,33.09759,1,11.71,DAY,48.31344258,143.36772534,LGN,2015:077:08:21:59.2820700,2015:077:08:22:31.0520670,9,L1T,http://earthexplorer.usgs.gov/order/process?dataset_name=LANDSAT_8&ordered=LC81760362015077LGN00,-.001,4.436,4.158,FULL,NADIR,LPGS_2.6.2,L8CPF20150302_20150331.03,L8RLUT20150303_20431231v11.h5,LO8BPF20150318080720_20150318085442.03,LT8BPF20150318080326_20150318085535.08,345,4,2016-06-22 03:45:40,ACTUAL
Y,http://earthexplorer.usgs.gov/browse/landsat_8/2015/176/036/LO81760362015061LGN00.jpg,LO81760362015061LGN00,OLI,2015-03-02,2016-06-22,176,36,35.66244,32.31145,35.27195,34.35533,33.93487,31.84567,33.5449,33.84745,34.61067,33.09135,0,10.04,DAY,42.35527526,146.38879869,LGN,2015:061:08:22:09.7602820,2015:061:08:22:41.5302780,9,L1T,http://earthexplorer.usgs.gov/order/process?dataset_name=LANDSAT_8&ordered=LO81760362015061LGN00,-.001,4.723,3.968,FULL,NADIR,LPGS_2.6.2,L8CPF20150101_20150302.03,L8RLUT20130211_20150302v10.h5,LO8BPF20150302080954_20150302085653.02,N/A,266,4,2016-06-22 03:46:55,N/A
Y,http://earthexplorer.usgs.gov/browse/landsat_8/2015/176/036/LC81760362015045LGN00.jpg,LC81760362015045LGN00,OLI_TIRS,2015-02-14,2016-06-22,176,36,35.6624,32.33384,35.27182,34.37764,33.93485,31.86792,33.54481,33.86963,34.61059,33.11363,2,26.07,DAY,36.96181259,149.23880541,LGN,2015:045:08:22:12.2335120,2015:045:08:22:44.0035080,9,L1T,http://earthexplorer.usgs.gov/order/process?dataset_name=LANDSAT_8&ordered=LC81760362015045LGN00,-.001,4.573,4.512,FULL,NADIR,LPGS_2.6.2,L8CPF20150101_20150302.03,L8RLUT20130211_20150302v10.h5,LO8BPF20150214081219_20150214085655.02,LT8BPF20150201000000_20150228235959.02,122,4,2016-06-22 03:48:11,FINAL
Y,http://earthexplorer.usgs.gov/browse/landsat_8/2015/176/036/LC81760362015029LGN00.jpg,LC81760362015029LGN00,OLI_TIRS,2015-01-29,2016-06-22,176,36,35.66254,32.32323,35.27186,34.36702,33.93501,31.85718,33.54486,33.85887,34.61068,33.10295,0,7.67,DAY,32.64176767,152.06884674,LGN,2015:029:08:22:21.4605060,2015:029:08:22:53.2305020,9,L1T,http://earthexplorer.usgs.gov/order/process?dataset_name=LANDSAT_8&ordered=LC81760362015029LGN00,-.001,4.827,3.929,FULL,NADIR,LPGS_2.6.2,L8CPF20150101_20150302.03,L8RLUT20130211_20150302v10.h5,LO8BPF20150129081253_20150129085728.02,LT8BPF20150124174026_20150226200654.01,300,4,2016-06-22 03:48:08,FINAL
Y,http://earthexplorer.usgs.gov/browse/landsat_8/2015/176/036/LC81760362015013LGN00.jpg,LC81760362015013LGN00,OLI_TIRS,2015-01-13,2016-06-22,176,36,35.66286,32.32425,35.27211,34.36798,33.93533,31.85812,33.54512,33.85976,34.61097,33.10391,8,84.58,DAY,29.81999007,154.85223575,LGN,2015:013:08:22:26.5593760,2015:013:08:22:58.3293720,9,L1GT,http://earthexplorer.usgs.gov/order/process?dataset_name=LANDSAT_8&ordered=LC81760362015013LGN00,-.001,0,0,FULL,NADIR,LPGS_2.6.2,L8CPF20150101_20150302.03,L8RLUT20130211_20150302v10.h5,LO8BPF20150113081345_20150113090133.01,LT8BPF20150106000000_20150131235959.03,-1,4,2016-06-22 03:48:08,FINAL
Y,http://earthexplorer.usgs.gov/browse/landsat_8/2014/176/036/LC81760362014362LGN00.jpg,LC81760362014362LGN00,OLI_TIRS,2014-12-28,2016-06-22,176,36,35.66249,32.33622,35.27167,34.37988,33.93496,31.86995,33.54469,33.87151,34.61058,33.11578,1,13.18,DAY,28.76777815,157.35090173,LGN,2014:362:08:22:28.0464460,2014:362:08:22:59.8164430,9,L1T,http://earthexplorer.usgs.gov/order/process?dataset_name=LANDSAT_8&ordered=LC81760362014362LGN00,-.001,5.222,4.249,FULL,NADIR,LPGS_2.6.2,L8CPF20141219_20141231.10,L8RLUT20130211_20150302v10.h5,LO8BPF20141228081435_20141228090135.02,LT8BPF20141222180001_20150106000000.02,277,4,2016-06-22 03:53:37,FINAL
Y,http://earthexplorer.usgs.gov/browse/landsat_8/2014/176/036/LC81760362014346LGN00.jpg,LC81760362014346LGN00,OLI_TIRS,2014-12-12,2016-06-22,176,36,35.66266,32.34799,35.27173,34.39188,33.9352,31.88166,33.54482,33.88345,34.61074,33.12764,6,61.69,DAY,29.55925632,159.23621849,LGN,2014:346:08:22:28.5558690,2014:346:08:23:00.3258650,9,L1T,http://earthexplorer.usgs.gov/order/process?dataset_name=LANDSAT_8&ordered=LC81760362014346LGN00,-.001,4.52,4.102,FULL,NADIR,LPGS_2.6.2,L8CPF20141209_20141219.05,L8RLUT20130211_20150302v10.h5,LO8BPF20141212081411_20141212090135.02,LT8BPF20141209203000_20141212235959.04,60,4,2016-06-22 04:02:51,ACTUAL
Y,http://earthexplorer.usgs.gov/browse/landsat_8/2014/176/036/LC81760362014330LGN00.jpg,LC81760362014330LGN00,OLI_TIRS,2014-11-26,2016-06-22,176,36,35.66244,32.32853,35.27139,34.3726,33.93506,31.86212,33.54456,33.86409,34.6105,33.1082,4,41.83,DAY,32.04566534,160.11158434,LGN,2014:330:08:22:35.6186000,2014:330:08:23:07.3885960,9,L1T,http://earthexplorer.usgs.gov/order/process?dataset_name=LANDSAT_8&ordered=LC81760362014330LGN00,-.001,5.877,5.07,FULL,NADIR,LPGS_2.6.2,L8CPF20141001_20141208.05,L8RLUT20130211_20150302v10.h5,LO8BPF20141126081354_20141126085630.01,LT8BPF20141126081000_20141126085724.01,190,4,2016-06-22 04:00:33,ACTUAL
Y,http://earthexplorer.usgs.gov/browse/landsat_8/2014/176/036/LC81760362014314LGN00.jpg,LC81760362014314LGN00,OLI_TIRS,2014-11-10,2016-06-22,176,36,35.66288,32.32437,35.27182,34.36808,33.93541,31.85785,33.5449,33.85947,34.61086,33.10387,0,.42,DAY,35.90071251,159.6523153,LGN,2014:314:08:22:38.2507320,2014:314:08:23:10.0207280,9,L1T,http://earthexplorer.usgs.gov/order/process?dataset_name=LANDSAT_8&ordered=LC81760362014314LGN00,-.001,5.064,4.809,FULL,NADIR,LPGS_2.6.2,L8CPF20141001_20141208.05,L8RLUT20130211_20150302v10.h5,LO8BPF20141110081421_20141110085809.02,LT8BPF20141110081027_20141110085902.02,328,4,2016-06-22 04:00:31,ACTUAL
Y,http://earthexplorer.usgs.gov/browse/landsat_8/2014/176/036/LC81760362014298LGN00.jpg,LC81760362014298LGN00,OLI_TIRS,2014-10-25,2016-06-22,176,36,35.66296,32.33392,35.27182,34.37757,33.93552,31.86725,33.54492,33.86881,34.61093,33.11328,0,10.92,DAY,40.67422149,157.59819395,LGN,2014:298:08:22:36.7872480,2014:298:08:23:08.5572440,9,L1T,http://earthexplorer.usgs.gov/order/process?dataset_name=LANDSAT_8&ordered=LC81760362014298LGN00,-.001,5.508,4.526,FULL,NADIR,LPGS_2.6.2,L8CPF20141001_20141208.05,L8RLUT20130211_20150302v10.h5,LO8BPF20141025081132_20141025085743.02,LT8BPF20141025080738_20141025085837.02,137,4,2016-06-22 03:53:18,ACTUAL
Y,http://earthexplorer.usgs.gov/browse/landsat_8/2014/176/036/LC81760362014282LGN00.jpg,LC81760362014282LGN00,OLI_TIRS,2014-10-09,2016-06-22,176,36,35.66298,32.33599,35.27173,34.37971,33.93555,31.86926,33.54485,33.87089,34.61091,33.11533,0,3.12,DAY,45.87775349,153.81828426,LGN,2014:282:08:22:36.0201250,2014:282:08:23:07.7901210,9,L1T,http://earthexplorer.usgs.gov/order/process?dataset_name=LANDSAT_8&ordered=LC81760362014282LGN00,-.001,5.452,4.553,FULL,NADIR,LPGS_2.6.2,L8CPF20141001_20141208.05,L8RLUT20130211_20150302v10.h5,LO8BPF20141009081132_20141009085719.02,LT8BPF20141009080738_20141009085812.02,306,4,2016-06-22 04:00:32,ACTUAL
Y,http://earthexplorer.usgs.gov/browse/landsat_8/2014/176/036/LC81760362014266LGN00.jpg,LC81760362014266LGN00,OLI_TIRS,2014-09-23,2016-06-22,176,36,35.66276,32.35882,35.27149,34.40213,33.93524,31.89195,33.54453,33.89318,34.61064,33.13788,0,1.66,DAY,51.04010212,148.31570448,LGN,2014:266:08:22:29.4325250,2014:266:08:23:01.2025210,9,L1T,http://earthexplorer.usgs.gov/order/process?dataset_name=LANDSAT_8&ordered=LC81760362014266LGN00,-.001,4.961,4.45,FULL,NADIR,LPGS_2.6.2,L8CPF20140701_20140930.03,L8RLUT20130211_20150302v10.h5,LO8BPF20140923073917_20140923085512.01,LT8BPF20140923071712_20140923085605.01,275,4,2016-06-22 04:00:49,ACTUAL
Y,http://earthexplorer.usgs.gov/browse/landsat_8/2014/176/036/LC81760362014250LGN00.jpg,LC81760362014250LGN00,OLI_TIRS,2014-09-07,2016-06-22,176,36,35.6628,32.3374,35.27144,34.38077,33.93532,31.87044,33.54452,33.87172,34.61066,33.11645,0,8.23,DAY,55.7676888,141.31261086,LGN,2014:250:08:22:32.3091720,2014:250:08:23:04.0791680,9,L1T,http://earthexplorer.usgs.gov/order/process?dataset_name=LANDSAT_8&ordered=LC81760362014250LGN00,-.001,5.452,5.184,FULL,NADIR,LPGS_2.6.2,L8CPF20140701_20140930.03,L8RLUT20130211_20150302v10.h5,LO8BPF20140907075733_20140907085315.03,LT8BPF20140907075339_20140907085408.02,191,4,2016-06-22 04:03:01,ACTUAL
Y,http://earthexplorer.usgs.gov/browse/landsat_8/2014/176/036/LC81760362014234LGN00.jpg,LC81760362014234LGN00,OLI_TIRS,2014-08-22,2016-06-22,176,36,35.66273,32.33822,35.27128,34.38171,33.93526,31.87122,33.54437,33.87261,34.61054,33.11732,0,3.18,DAY,59.79886578,133.3673308,LGN,2014:234:08:22:28.8489600,2014:234:08:23:00.6189570,9,L1T,http://earthexplorer.usgs.gov/order/process?dataset_name=LANDSAT_8&ordered=LC81760362014234LGN00,-.001,4.986,4.995,FULL,NADIR,LPGS_2.6.2,L8CPF20140701_20140930.03,L8RLUT20130211_20150302v10.h5,LO8BPF20140822075729_20140822084224.02,LT8BPF20140822075336_20140822084318.02,310,4,2016-06-22 03:58:04,ACTUAL
Y,http://earthexplorer.usgs.gov/browse/landsat_8/2014/176/036/LC81760362014218LGN00.jpg,LC81760362014218LGN00,OLI_TIRS,2014-08-06,2016-06-22,176,36,35.66272,32.3359,35.27117,34.37966,33.93538,31.86885,33.54439,33.87053,34.61057,33.11509,0,10.48,DAY,63.02286213,125.43084391,LGN,2014:218:08:22:25.1774410,2014:218:08:22:56.9474370,9,L1T,http://earthexplorer.usgs.gov/order/process?dataset_name=LANDSAT_8&ordered=LC81760362014218LGN00,-.001,5.089,5.385,FULL,NADIR,LPGS_2.6.2,L8CPF20140701_20140930.03,L8RLUT20130211_20150302v10.h5,LO8BPF20140806030533_20140806084221.01,LT8BPF20140806044032_20140806084314.01,246,4,2016-06-22 04:00:54,ACTUAL
Y,http://earthexplorer.usgs.gov/browse/landsat_8/2014/176/036/LC81760362014202LGN00.jpg,LC81760362014202LGN00,OLI_TIRS,2014-07-21,2016-06-22,176,36,35.66283,32.351,35.27127,34.39461,33.93543,31.8839,33.54442,33.88542,34.61063,33.13009,0,10.25,DAY,65.47924991,118.80849911,LGN,2014:202:08:22:16.6642770,2014:202:08:22:48.4342730,9,L1T,http://earthexplorer.usgs.gov/order/process?dataset_name=LANDSAT_8&ordered=LC81760362014202LGN00,-.001,5.429,5.286,FULL,NADIR,LPGS_2.6.2,L8CPF20140701_20140930.03,L8RLUT20130211_20150302v10.h5,LO8BPF20140721075717_20140721084212.02,LT8BPF20140721075323_20140721084305.02,278,4,2016-06-22 03:58:04,ACTUAL
Y,http://earthexplorer.usgs.gov/browse/landsat_8/2014/176/036/LC81760362014186LGN00.jpg,LC81760362014186LGN00,OLI_TIRS,2014-07-05,2016-06-22,176,36,35.66311,32.34253,35.27153,34.38616,33.93575,31.8754,33.54472,33.87696,34.61088,33.12166,0,5.68,DAY,67.21793226,114.84496363,LGN,2014:186:08:22:12.9991330,2014:186:08:22:44.7691300,9,L1T,http://earthexplorer.usgs.gov/order/process?dataset_name=LANDSAT_8&ordered=LC81760362014186LGN00,-.001,5.339,5.247,FULL,NADIR,LPGS_2.6.2,L8CPF20140701_20140930.03,L8RLUT20130211_20150302v10.h5,LO8BPF20140705075713_20140705084209.01,LT8BPF20140705075319_20140705084302.01,210,4,2016-06-22 03:58:04,ACTUAL
Y,http://earthexplorer.usgs.gov/browse/landsat_8/2014/176/036/LC81760362014170LGN00.jpg,LC81760362014170LGN00,OLI_TIRS,2014-06-19,2016-06-22,176,36,35.663,32.34208,35.27145,34.38538,33.93557,31.8749,33.54459,33.87612,34.61082,33.12097,0,.72,DAY,68.1864687,114.57542038,LGN,2014:170:08:22:06.9924720,2014:170:08:22:38.7624680,9,L1T,http://earthexplorer.usgs.gov/order/process?dataset_name=LANDSAT_8&ordered=LC81760362014170LGN00,-.001,5.26,5.109,FULL,NADIR,LPGS_2.6.2,L8CPF20140401_20140630.03,L8RLUT20130211_20150302v10.h5,LO8BPF20140619075707_20140619084203.02,LT8BPF20140619075313_20140619084256.02,314,4,2016-06-22 03:53:25,ACTUAL
Y,http://earthexplorer.usgs.gov/browse/landsat_8/2014/176/036/LC81760362014154LGN00.jpg,LC81760362014154LGN00,OLI_TIRS,2014-06-03,2016-06-22,176,36,35.66287,32.33617,35.2713,34.37955,33.93544,31.86898,33.54443,33.87029,34.61064,33.11514,0,2.94,DAY,68.0938527,118.08651413,LGN,2014:154:08:22:01.7317010,2014:154:08:22:33.5016970,9,L1T,http://earthexplorer.usgs.gov/order/process?dataset_name=LANDSAT_8&ordered=LC81760362014154LGN00,-.001,5.4,5.16,FULL,NADIR,LPGS_2.6.2,L8CPF20140401_20140630.03,L8RLUT20130211_20150302v10.h5,LO8BPF20140603075702_20140603084157.01,LT8BPF20140603070757_20140603084250.01,290,4,2016-06-22 04:00:35,ACTUAL
Y,http://earthexplorer.usgs.gov/browse/landsat_8/2014/176/036/LC81760362014138LGN00.jpg,LC81760362014138LGN00,OLI_TIRS,2014-05-18,2016-06-22,176,36,35.66297,32.33293,35.27134,34.37644,33.93556,31.86573,33.54449,33.86716,34.61069,33.11196,0,4.39,DAY,66.57115097,124.13224149,LGN,2014:138:08:21:55.4547680,2014:138:08:22:27.2247640,9,L1T,http://earthexplorer.usgs.gov/order/process?dataset_name=LANDSAT_8&ordered=LC81760362014138LGN00,-.001,4.972,4.981,FULL,NADIR,LPGS_2.6.2,L8CPF20140401_20140630.03,L8RLUT20130211_20150302v10.h5,LO8BPF20140518081049_20140518084152.01,LT8BPF20140518080602_20140518084245.01,252,4,2016-06-22 03:53:17,ACTUAL
Y,http://earthexplorer.usgs.gov/browse/landsat_8/2014/176/036/LC81760362014122LGN00.jpg,LC81760362014122LGN00,OLI_TIRS,2014-05-02,2016-06-22,176,36,35.66233,32.30588,35.27249,34.35015,33.93474,31.84095,33.54542,33.84311,34.61085,33.08644,1,13.56,DAY,63.45645592,130.71063036,LGN,2014:122:08:22:06.8794940,2014:122:08:22:38.6494900,9,L1T,http://earthexplorer.usgs.gov/order/process?dataset_name=LANDSAT_8&ordered=LC81760362014122LGN00,-.001,5.728,5.577,FULL,NADIR,LPGS_2.6.2,L8CPF20140401_20140630.03,L8RLUT20130211_20150302v10.h5,LO8BPF20140502075707_20140502084203.01,LT8BPF20140502075313_20140502084256.01,124,4,2016-06-22 03:54:34,ACTUAL
Y,http://earthexplorer.usgs.gov/browse/landsat_8/2014/176/036/LC81760362014106LGN00.jpg,LC81760362014106LGN00,OLI_TIRS,2014-04-16,2016-06-22,176,36,35.66219,32.31704,35.27235,34.36102,33.93451,31.85204,33.54518,33.85391,34.61068,33.09738,0,4.05,DAY,58.92092477,136.37546141,LGN,2014:106:08:22:20.5230870,2014:106:08:22:52.2930830,9,L1T,http://earthexplorer.usgs.gov/order/process?dataset_name=LANDSAT_8&ordered=LC81760362014106LGN00,-.001,5.099,4.696,FULL,NADIR,LPGS_2.6.2,L8CPF20140401_20140630.03,L8RLUT20130211_20150302v10.h5,LO8BPF20140416075724_20140416084216.01,LT8BPF20140416075330_20140416084309.01,301,4,2016-06-22 03:52:33,ACTUAL
Y,http://earthexplorer.usgs.gov/browse/landsat_8/2014/176/036/LC81760362014090LGN00.jpg,LC81760362014090LGN00,OLI_TIRS,2014-03-31,2016-06-22,176,36,35.66243,32.31117,35.27253,34.35508,33.93474,31.84607,33.54536,33.84788,34.6109,33.09141,0,4.33,DAY,53.37530789,140.7432288,LGN,2014:090:08:22:37.6220850,2014:090:08:23:09.3920810,9,L1T,http://earthexplorer.usgs.gov/order/process?dataset_name=LANDSAT_8&ordered=LC81760362014090LGN00,-.001,4.819,4.228,FULL,NADIR,LPGS_2.6.2,L8CPF20140101_20140331.05,L8RLUT20130211_20150302v10.h5,LO8BPF20140331075738_20140331085345.01,LT8BPF20140331075344_20140331085438.01,329,4,2016-06-22 04:02:55,ACTUAL
Y,http://earthexplorer.usgs.gov/browse/landsat_8/2014/176/036/LC81760362014074LGN00.jpg,LC81760362014074LGN00,OLI_TIRS,2014-03-15,2016-06-22,176,36,35.66232,32.30283,35.27244,34.34613,33.93449,31.83758,33.54512,33.83881,34.61072,33.08272,0,1.14,DAY,47.37089431,144.17980487,LGN,2014:074:08:22:54.5143650,2014:074:08:23:26.2843610,9,L1T,http://earthexplorer.usgs.gov/order/process?dataset_name=LANDSAT_8&ordered=LC81760362014074LGN00,-.001,4.661,3.994,FULL,NADIR,LPGS_2.6.2,L8CPF20140101_20140331.05,L8RLUT20130211_20150302v10.h5,LO8BPF20140315081150_20140315085601.01,LT8BPF20140315080756_20140315085654.02,342,4,2016-06-22 03:47:15,ACTUAL
Y,http://earthexplorer.usgs.gov/browse/landsat_8/2014/176/036/LC81760362014058LGN00.jpg,LC81760362014058LGN00,OLI_TIRS,2014-02-27,2016-06-22,176,36,35.66224,32.31761,35.27239,34.36026,33.93426,31.85219,33.54493,33.85275,34.61058,33.0971,1,18.26,DAY,41.47383304,147.15442983,LGN,2014:058:08:23:04.8922320,2014:058:08:23:36.6622280,9,L1T,http://earthexplorer.usgs.gov/order/process?dataset_name=LANDSAT_8&ordered=LC81760362014058LGN00,-.001,4.69,3.339,FULL,NADIR,LPGS_2.6.2,L8CPF20140101_20140331.05,L8RLUT20130211_20150302v10.h5,LO8BPF20140227081201_20140227085811.01,LT8BPF20140227080807_20140227085904.01,166,4,2016-06-22 03:47:15,ACTUAL
Y,http://earthexplorer.usgs.gov/browse/landsat_8/2014/176/036/LC81760362014042LGN00.jpg,LC81760362014042LGN00,OLI_TIRS,2014-02-11,2016-06-22,176,36,35.66234,32.31718,35.27231,34.36017,33.93447,31.85166,33.54497,33.85253,34.61065,33.09678,0,4.25,DAY,36.23009094,149.99171708,LGN,2014:042:08:23:17.5542990,2014:042:08:23:49.3242950,9,L1T,http://earthexplorer.usgs.gov/order/process?dataset_name=LANDSAT_8&ordered=LC81760362014042LGN00,-.001,4.411,3.75,FULL,NADIR,LPGS_2.6.2,L8CPF20140101_20140331.05,L8RLUT20130211_20150302v10.h5,LO8BPF20140211081859_20140211085848.01,LT8BPF20140211081505_20140211085941.01,324,4,2016-06-22 03:47:12,ACTUAL
Y,http://earthexplorer.usgs.gov/browse/landsat_8/2014/176/036/LC81760362014010LGN00.jpg,LC81760362014010LGN00,OLI_TIRS,2014-01-10,2016-06-22,176,36,35.66233,32.31394,35.27174,34.35878,33.93502,31.84834,33.54496,33.85105,34.61066,33.0944,1,17.93,DAY,29.60576111,155.59218212,LGN,2014:010:08:23:39.5735480,2014:010:08:24:11.3435440,9,L1T,http://earthexplorer.usgs.gov/order/process?dataset_name=LANDSAT_8&ordered=LC81760362014010LGN00,-.001,4.663,3.948,FULL,NADIR,LPGS_2.6.2,L8CPF20140101_20140331.05,L8RLUT20130211_20150302v10.h5,LO8BPF20140110081721_20140110090245.01,LT8BPF20140110081327_20140110090338.01,260,4,2016-06-22 03:47:15,ACTUAL
Y,http://earthexplorer.usgs.gov/browse/landsat_8/2013/176/036/LC81760362013359LGN00.jpg,LC81760362013359LGN00,OLI_TIRS,2013-12-25,2016-06-22,176,36,35.66263,32.30388,35.27193,34.34896,33.93539,31.83817,33.54521,33.84114,34.61093,33.08443,5,56.11,DAY,28.86960774,158.03686845,LGN,2013:359:08:23:50.8465880,2013:359:08:24:22.6165840,9,L1T,http://earthexplorer.usgs.gov/order/process?dataset_name=LANDSAT_8&ordered=LC81760362013359LGN00,-.001,5.185,4.79,FULL,NADIR,LPGS_2.6.2,L8CPF20131001_20131231.05,L8RLUT20130211_20150302v10.h5,LO8BPF20131225081645_20131225090257.01,LT8BPF20131225081251_20131225090350.02,104,4,2016-06-22 03:48:20,ACTUAL
Y,http://earthexplorer.usgs.gov/browse/landsat_8/2013/176/036/LC81760362013343LGN00.jpg,LC81760362013343LGN00,OLI_TIRS,2013-12-09,2016-06-22,176,36,35.66266,32.29827,35.27201,34.34271,33.93527,31.83242,33.54514,33.8348,34.6109,33.07844,1,15.53,DAY,29.96595456,159.79694157,LGN,2013:343:08:24:00.2725920,2013:343:08:24:32.0425870,9,L1T,http://earthexplorer.usgs.gov/order/process?dataset_name=LANDSAT_8&ordered=LC81760362013343LGN00,-.001,5.309,5.265,FULL,NADIR,LPGS_2.6.2,L8CPF20131001_20131231.05,L8RLUT20130211_20150302v10.h5,LO8BPF20131209081543_20131209090307.01,LT8BPF20131209081149_20131209090400.01,223,4,2016-06-22 03:46:00,ACTUAL
Y,http://earthexplorer.usgs.gov/browse/landsat_8/2013/176/036/LC81760362013327LGN00.jpg,LC81760362013327LGN00,OLI_TIRS,2013-11-23,2016-06-22,176,36,35.66276,32.33207,35.27225,34.37546,33.93509,31.86605,33.5451,33.86739,34.61092,33.11162,3,40.51,DAY,32.72045822,160.51073123,LGN,2013:327:08:23:59.4501220,2013:327:08:24:31.2201180,9,L1T,http://earthexplorer.usgs.gov/order/process?dataset_name=LANDSAT_8&ordered=LC81760362013327LGN00,-.001,5.507,5.345,FULL,NADIR,LPGS_2.6.2,L8CPF20131001_20131231.05,L8RLUT20130211_20150302v10.h5,LO8BPF20131123081718_20131123090306.01,LT8BPF20131123081324_20131123090359.02,180,4,2016-06-22 04:00:40,ACTUAL
Y,http://earthexplorer.usgs.gov/browse/landsat_8/2013/176/036/LC81760362013295LGN01.jpg,LC81760362013295LGN01,OLI_TIRS,2013-10-22,2016-06-22,176,36,35.66257,32.32869,35.27203,34.37137,33.93475,31.86247,33.54476,33.86304,34.61064,33.10777,0,.12,DAY,41.67915964,157.55973215,LGN,2013:295:08:24:12.0643280,2013:295:08:24:43.8343240,9,L1T,http://earthexplorer.usgs.gov/order/process?dataset_name=LANDSAT_8&ordered=LC81760362013295LGN01,-.001,5.164,4.753,FULL,NADIR,LPGS_2.6.2,L8CPF20131001_20131231.05,L8RLUT20130211_20150302v10.h5,LO8BPF20131022081220_20131022084408.01,LT8BPF20131022080826_20131022084501.02,317,4,2016-06-22 03:47:01,ACTUAL
Y,http://earthexplorer.usgs.gov/browse/landsat_8/2013/176/036/LC81760362013279LGN00.jpg,LC81760362013279LGN00,OLI_TIRS,2013-10-06,2016-06-22,176,36,35.66264,32.32493,35.27181,34.36859,33.9351,31.8587,33.54482,33.86023,34.61073,33.1045,0,5.87,DAY,46.93540899,153.54778662,LGN,2013:279:08:24:17.4686900,2013:279:08:24:49.2386860,9,L1T,http://earthexplorer.usgs.gov/order/process?dataset_name=LANDSAT_8&ordered=LC81760362013279LGN00,-.001,5.751,5.224,FULL,NADIR,LPGS_2.6.2,L8CPF20131001_20131231.05,L8RLUT20130211_20150302v10.h5,LO8BPF20131006081138_20131006084413.01,LT8BPF20131006080744_20131006084506.01,262,4,2016-06-22 03:48:11,ACTUAL
Y,http://earthexplorer.usgs.gov/browse/landsat_8/2013/176/036/LC81760362013247LGN00.jpg,LC81760362013247LGN00,OLI_TIRS,2013-09-04,2016-06-22,176,36,35.6625,32.31326,35.27123,34.35823,33.93539,31.84686,33.54466,33.84972,34.61057,33.09343,0,3.5,DAY,56.75871853,140.68783565,LGN,2013:247:08:24:26.2752360,2013:247:08:24:58.0452320,9,L1T,http://earthexplorer.usgs.gov/order/process?dataset_name=LANDSAT_8&ordered=LC81760362013247LGN00,-.001,5.372,4.875,FULL,NADIR,LPGS_2.6.2,L8CPF20130701_20130919.05,L8RLUT20130211_20150302v10.h5,LO8BPF20130904080923_20130904084334.02,LT8BPF20130904080529_20130904084427.02,259,4,2016-06-22 03:46:52,ACTUAL
Y,http://earthexplorer.usgs.gov/browse/landsat_8/2013/176/036/LC81760362013231LGN00.jpg,LC81760362013231LGN00,OLI_TIRS,2013-08-19,2016-06-22,176,36,35.66248,32.32327,35.27124,34.3677,33.93527,31.85673,33.54457,33.8591,34.6105,33.10312,0,2.93,DAY,60.70344746,132.70293592,LGN,2013:231:08:24:25.5430480,2013:231:08:24:57.3130440,9,L1T,http://earthexplorer.usgs.gov/order/process?dataset_name=LANDSAT_8&ordered=LC81760362013231LGN00,-.001,5.51,4.893,FULL,NADIR,LPGS_2.6.2,L8CPF20130701_20130919.05,L8RLUT20130211_20150302v10.h5,LO8BPF20130819080946_20130819084309.01,LT8BPF20130819080552_20130819084402.01,265,4,2016-06-22 03:44:55,ACTUAL
Y,http://earthexplorer.usgs.gov/browse/landsat_8/2013/176/036/LC81760362013215LGN00.jpg,LC81760362013215LGN00,OLI_TIRS,2013-08-03,2016-06-22,176,36,35.66289,32.33073,35.27183,34.37406,33.93537,31.86405,33.54484,33.86533,34.61086,33.10992,0,5.64,DAY,63.84056333,124.91254139,LGN,2013:215:08:24:24.5815690,2013:215:08:24:56.3515650,9,L1T,http://earthexplorer.usgs.gov/order/process?dataset_name=LANDSAT_8&ordered=LC81760362013215LGN00,-.001,5.344,4.891,FULL,NADIR,LPGS_2.6.2,L8CPF20130701_20130919.05,L8RLUT20130211_20150302v10.h5,LO8BPF20130803081209_20130803084420.01,LT8BPF20130803080815_20130803084513.01,260,4,2016-06-22 03:52:40,ACTUAL
Y,http://earthexplorer.usgs.gov/browse/landsat_8/2013/176/036/LC81760362013199LGN00.jpg,LC81760362013199LGN00,OLI_TIRS,2013-07-18,2016-06-22,176,36,35.66296,32.34019,35.27209,34.38238,33.93509,31.87342,33.54477,33.87355,34.61087,33.11874,1,13.56,DAY,66.20495037,118.64564488,LGN,2013:199:08:24:22.2951720,2013:199:08:24:54.0651670,9,L1T,http://earthexplorer.usgs.gov/order/process?dataset_name=LANDSAT_8&ordered=LC81760362013199LGN00,-.001,5.376,5.282,FULL,NADIR,LPGS_2.6.2,L8CPF20130701_20130919.05,L8RLUT20130211_20150302v10.h5,LO8BPF20130718080943_20130718084418.01,LT8BPF20130718080549_20130718084511.02,156,4,2016-06-22 03:49:10,ACTUAL
Y,http://earthexplorer.usgs.gov/browse/landsat_8/2013/176/036/LC81760362013183LGN00.jpg,LC81760362013183LGN00,OLI_TIRS,2013-07-02,2016-06-22,176,36,35.66271,32.33532,35.2718,34.37753,33.93488,31.86852,33.54453,33.86865,34.6106,33.11388,0,2.15,DAY,67.85270484,115.28112866,LGN,2013:183:08:24:22.6702250,2013:183:08:24:54.4402210,9,L1T,http://earthexplorer.usgs.gov/order/process?dataset_name=LANDSAT_8&ordered=LC81760362013183LGN00,-.001,5.081,5.126,FULL,NADIR,LPGS_2.6.2,L8CPF20130701_20130919.05,L8RLUT20130211_20150302v10.h5,LO8BPF20130702080944_20130702084418.01,LT8BPF20130702080550_20130702084511.02,269,4,2016-06-22 03:46:01,ACTUAL
Y,http://earthexplorer.usgs.gov/browse/landsat_8/2013/176/036/LC81760362013167LGN00.jpg,LC81760362013167LGN00,OLI_TIRS,2013-06-16,2016-06-22,176,36,35.60361,32.31559,35.21268,34.3572,33.99455,31.88088,33.6039,33.88318,34.61081,33.11082,0,4.32,DAY,68.67228119,115.74024928,LGN,2013:167:08:24:22.9760590,2013:167:08:24:52.7720790,9,L1T,http://earthexplorer.usgs.gov/order/process?dataset_name=LANDSAT_8&ordered=LC81760362013167LGN00,-.001,5.233,5.547,FULL,NADIR,LPGS_2.6.2,L8CPF20130401_20130627.08,L8RLUT20130211_20150302v10.h5,LO8BPF20130616080946_20130616084416.01,LT8BPF20130616080552_20130616084508.02,230,4,2016-06-22 03:46:52,ACTUAL
Y,http://earthexplorer.usgs.gov/browse/landsat_8/2013/176/036/LC81760362013151LGN00.jpg,LC81760362013151LGN00,OLI_TIRS,2013-05-31,2016-06-22,176,36,35.60363,32.28492,35.21239,34.32794,33.99491,31.85028,33.60395,33.85399,34.61081,33.08093,0,3.66,DAY,68.36260278,119.92442915,LGN,2013:151:08:24:28.3978820,2013:151:08:24:58.1939020,9,L1T,http://earthexplorer.usgs.gov/order/process?dataset_name=LANDSAT_8&ordered=LC81760362013151LGN00,-.001,5.404,5.147,FULL,NADIR,LPGS_2.6.2,L8CPF20130401_20130627.08,L8RLUT20130211_20150302v10.h5,LO8BPF20130531080926_20130531082712.01,LT8BPF20130531080533_20130531082804.01,262,4,2016-06-22 03:44:55,ACTUAL
Y,http://earthexplorer.usgs.gov/browse/landsat_8/2013/176/036/LC81760362013135LGN01.jpg,LC81760362013135LGN01,OLI_TIRS,2013-05-15,2016-06-22,176,36,35.60364,32.29671,35.21224,34.34048,33.99513,31.86213,33.604,33.86661,34.61087,33.09309,0,10.96,DAY,66.5446939,126.26958654,LGN,2013:135:08:24:23.3071460,2013:135:08:24:53.1031660,9,L1T,http://earthexplorer.usgs.gov/order/process?dataset_name=LANDSAT_8&ordered=LC81760362013135LGN01,-.001,5.293,5.379,FULL,NADIR,LPGS_2.6.2,L8CPF20130401_20130627.08,L8RLUT20130211_20150302v10.h5,LO8BPF20130515080922_20130515084352.01,LT8BPF20130515080529_20130515084444.01,144,4,2016-06-22 03:56:56,ACTUAL
Y,http://earthexplorer.usgs.gov/browse/landsat_8/2013/176/036/LC81760362013119LGN01.jpg,LC81760362013119LGN01,OLI_TIRS,2013-04-29,2016-06-22,176,36,35.60334,32.33684,35.21199,34.38018,33.99475,31.90215,33.60365,33.90624,34.61054,33.13299,0,.04,DAY,63.10610543,132.69191738,LGN,2013:119:08:24:11.2718070,2013:119:08:24:41.0678270,9,L1T,http://earthexplorer.usgs.gov/order/process?dataset_name=LANDSAT_8&ordered=LC81760362013119LGN01,-.001,5.132,4.543,FULL,NADIR,LPGS_2.6.2,L8CPF20130401_20130627.08,L8RLUT20130211_20150302v10.h5,LO8BPF20130429081134_20130429084404.01,LT8BPF20130429080740_20130429084456.01,308,4,2016-06-22 03:46:02,ACTUAL
Y,http://earthexplorer.usgs.gov/browse/landsat_8/2013/176/036/LC81760362013103LGN01.jpg,LC81760362013103LGN01,OLI_TIRS,2013-04-13,2016-06-22,176,36,35.60362,32.32768,35.21173,34.36989,33.9949,31.89205,33.60328,33.89506,34.61049,33.12284,0,9.14,DAY,58.28933898,137.95281109,LGN,2013:103:08:24:13.0617970,2013:103:08:24:42.8578180,9,L1T,http://earthexplorer.usgs.gov/order/process?dataset_name=LANDSAT_8&ordered=LC81760362013103LGN01,-.001,5.407,4.745,FULL,NADIR,LPGS_2.6.2,L8CPF20130401_20130627.08,L8RLUT20130211_20150302v10.h5,LO8BPF20130413081422_20130413084406.01,LT8BPF20130413081028_20130413084458.01,307,4,2016-06-22 03:54:26,ACTUAL
