browseAvailable,browseURL,sceneID,sensor,acquisitionDate,dateUpdated,path,row,upperLeftCornerLatitude,upperLeftCornerLongitude,upperRightCornerLatitude,upperRightCornerLongitude,lowerLeftCornerLatitude,lowerLeftCornerLongitude,lowerRightCornerLatitude,lowerRightCornerLongitude,sceneCenterLatitude,sceneCenterLongitude,cloudCover,cloudCoverFull,FULL_UL_QUAD_CCA,FULL_UR_QUAD_CCA,FULL_LL_QUAD_CCA,FULL_LR_QUAD_CCA,dayOrNight,sunElevation,sunAzimuth,sceneStartTime,sceneStopTime,satelliteNumber,DATA_TYPE_L1,cartURL,DATA_TYPE_L0RP,DATUM,ELEVATION_SOURCE,ELLIPSOID,EPHEMERIS_TYPE,FALSE_EASTING,FALSE_NORTHING,GROUND_CONTROL_POINTS_MODEL,GROUND_CONTROL_POINTS_VERIFY,GEOMETRIC_RMSE_MODEL,GEOMETRIC_RMSE_MODEL_X,GEOMETRIC_RMSE_MODEL_Y,GEOMETRIC_RMSE_VERIFY,GRID_CELL_SIZE_REFLECTIVE,GRID_CELL_SIZE_THERMAL,MAP_PROJECTION_L1,MAP_PROJECTION_L0RA,ORIENTATION,OUTPUT_FORMAT,L1_AVAILABLE,REFLECTIVE_LINES,REFLECTIVE_SAMPLES,RESAMPLING_OPTION,THERMAL_LINES,THERMAL_SAMPLES,TRUE_SCALE_LAT,UTM_ZONE,VERTICAL_LON_FROM_POLE,PROCESSING_SOFTWARE_VERSION,CPF_NAME,IMAGE_QUALITY,GROUND_CONTROL_POINTS_VERSION,DATE_L1_GENERATED
Y,http://earthexplorer.usgs.gov/browse/tm/176/36/2011/LT51760362011306MOR00_REFL.jpg,LT51760362011306MOR00,LANDSAT_TM,2011-11-02,2016-04-25,176,36,35.55389,32.31813,35.26207,34.32334,33.97145,31.88974,33.68498,33.85863,34.62231,33.09759,3,32.01,64.47,38.26,21.76,3.54,DAY,37.11033985,155.25324226,2011:306:08:10:14.49719,2011:306:08:10:41.11006,LANDSAT_5,L1T,http://earthexplorer.usgs.gov/order/process?dataset_name=LANDSAT_TM&ordered=LT51760362011306MOR00,TMR_L0RP,WGS84,GLS2000,WGS84,DEFINITIVE,,,56,153,4.322,2.695,3.379,.145,30,30,UTM,NA,NORTH_UP,GEOTIFF,Y,7101,8001,CUBIC_CONVOLUTION,7101,8001,,36,,LPGS_12.7.0,L5CPF20111001_20111231.08,9,3,2016-04-25 10:36:50
Y,http://earthexplorer.usgs.gov/browse/tm/176/36/2011/LT51760362011290MOR00_REFL.jpg,LT51760362011290MOR00,LANDSAT_TM,2011-10-17,2016-04-25,176,36,35.54822,32.32429,35.25642,34.32936,33.96578,31.89594,33.67933,33.8647,34.61665,33.1037,0,1.83,3.74,.32,2.37,.89,DAY,42.06807227,152.09763405,2011:290:08:10:27.30088,2011:290:08:10:53.91369,LANDSAT_5,L1T,http://earthexplorer.usgs.gov/order/process?dataset_name=LANDSAT_TM&ordered=LT51760362011290MOR00,TMR_L0RP,WGS84,GLS2000,WGS84,DEFINITIVE,,,137,533,4.164,2.775,3.105,.121,30,30,UTM,NA,NORTH_UP,GEOTIFF,Y,7101,8001,CUBIC_CONVOLUTION,7101,8001,,36,,LPGS_12.7.0,L5CPF20111001_20111231.08,9,3,2016-04-25 10:29:49
Y,http://earthexplorer.usgs.gov/browse/tm/176/36/2011/LT51760362011274MOR00_REFL.jpg,LT51760362011274MOR00,LANDSAT_TM,2011-10-01,2014-08-17,176,36,35.54383,32.33339,35.25204,34.33836,33.96138,31.90507,33.67495,33.87374,34.61226,33.11277,0,1.06,.88,.33,3.05,0,DAY,47.14882266,147.2072836,2011:274:08:10:38.45769,2011:274:08:11:05.07063,LANDSAT_5,L1T,http://earthexplorer.usgs.gov/order/process?dataset_name=LANDSAT_TM&ordered=LT51760362011274MOR00,TMR_L0RP,WGS84,GLS2000,WGS84,DEFINITIVE,,,151,588,4.088,2.75,3.025,.132,30,30,UTM,NA,NORTH_UP,GEOTIFF,Y,7101,8001,CUBIC_CONVOLUTION,7101,8001,,36,,LPGS_12.4.1,L5CPF20111001_20111231.07,9,,2014-08-17 22:18:02
Y,http://earthexplorer.usgs.gov/browse/tm/176/36/2011/LT51760362011242MOR01_REFL.jpg,LT51760362011242MOR01,LANDSAT_TM,2011-08-30,2016-04-11,176,36,35.55554,32.30874,35.26371,34.31399,33.9731,31.88034,33.68663,33.84926,34.62396,33.08821,1,11.55,24.75,3.65,6.18,11.62,DAY,56.15503184,133.24328469,2011:242:08:11:09.00344,2011:242:08:11:35.61638,LANDSAT_5,L1T,http://earthexplorer.usgs.gov/order/process?dataset_name=LANDSAT_TM&ordered=LT51760362011242MOR01,TMR_L0RP,WGS84,GLS2000,WGS84,DEFINITIVE,,,57,248,4.348,3.271,2.864,.209,30,30,UTM,NA,NORTH_UP,GEOTIFF,Y,7101,7971,CUBIC_CONVOLUTION,7101,7971,,36,,LPGS_12.7.0,L5CPF20110701_20110930.11,9,3,2016-04-11 22:20:22
Y,http://earthexplorer.usgs.gov/browse/tm/176/36/2011/LT51760362011210MOR01_REFL.jpg,LT51760362011210MOR01,LANDSAT_TM,2011-07-29,2016-04-07,176,36,35.55259,32.31634,35.26077,34.32152,33.97015,31.88796,33.68368,33.85682,34.62101,33.09579,0,0,0,0,0,0,DAY,62.32099883,118.23045315,2011:210:08:11:26.66125,2011:210:08:11:53.27425,LANDSAT_5,L1T,http://earthexplorer.usgs.gov/order/process?dataset_name=LANDSAT_TM&ordered=LT51760362011210MOR01,TMR_L0RP,WGS84,GLS2000,WGS84,DEFINITIVE,,,129,541,4.627,3.438,3.096,.186,30,30,UTM,NA,NORTH_UP,GEOTIFF,Y,7101,7981,CUBIC_CONVOLUTION,7101,7981,,36,,LPGS_12.7.0,L5CPF20110701_20110930.11,9,3,2016-04-07 20:47:27
Y,http://earthexplorer.usgs.gov/browse/tm/176/36/2011/LT51760362011194MOR00_REFL.jpg,LT51760362011194MOR00,LANDSAT_TM,2011-07-13,2014-12-13,176,36,35.55135,32.31319,35.25953,34.31834,33.96891,31.88482,33.68245,33.85365,34.61977,33.09263,0,.14,.19,.11,.09,.15,DAY,64.36658057,113.13646702,2011:194:08:11:35.78006,2011:194:08:12:02.39294,LANDSAT_5,L1T,http://earthexplorer.usgs.gov/order/process?dataset_name=LANDSAT_TM&ordered=LT51760362011194MOR00,TMR_L0RP,WGS84,GLS2000,WGS84,DEFINITIVE,,,123,515,4.547,3.359,3.064,.234,30,30,UTM,NA,NORTH_UP,GEOTIFF,Y,7111,7991,CUBIC_CONVOLUTION,7111,7991,,36,,LPGS_12.5.0,L5CPF20110701_20110930.11,7,,2014-12-13 10:17:46
Y,http://earthexplorer.usgs.gov/browse/tm/176/36/2011/LT51760362011114MOR00_REFL.jpg,LT51760362011114MOR00,LANDSAT_TM,2011-04-24,2016-03-30,176,36,35.54716,32.32621,35.25536,34.33125,33.96472,31.89786,33.67827,33.8666,34.61559,33.10561,3,35.02,30.32,10.58,64.99,34.2,DAY,59.58538206,130.13620755,2011:114:08:12:06.74681,2011:114:08:12:33.35969,LANDSAT_5,L1T,http://earthexplorer.usgs.gov/order/process?dataset_name=LANDSAT_TM&ordered=LT51760362011114MOR00,TMR_L0RP,WGS84,GLS2000,WGS84,DEFINITIVE,,,63,132,4.453,3.152,3.146,.158,30,30,UTM,NA,NORTH_UP,GEOTIFF,Y,7111,7961,CUBIC_CONVOLUTION,7111,7961,,36,,LPGS_12.7.0,L5CPF20110401_20110630.14,9,3,2016-03-30 22:30:25
Y,http://earthexplorer.usgs.gov/browse/tm/176/36/2011/LT51760362011098MOR00_REFL.jpg,LT51760362011098MOR00,LANDSAT_TM,2011-04-08,2016-03-29,176,36,35.55435,32.31691,35.26253,34.32213,33.97191,31.88852,33.68544,33.85741,34.62277,33.09637,1,16.83,10.01,2.95,22.74,31.61,DAY,54.55980927,135.25116461,2011:098:08:12:14.64750,2011:098:08:12:41.26031,LANDSAT_5,L1T,http://earthexplorer.usgs.gov/order/process?dataset_name=LANDSAT_TM&ordered=LT51760362011098MOR00,TMR_L0RP,WGS84,GLS2000,WGS84,DEFINITIVE,,,131,335,4.341,3.105,3.033,.143,30,30,UTM,NA,NORTH_UP,GEOTIFF,Y,7091,7981,CUBIC_CONVOLUTION,7091,7981,,36,,LPGS_12.7.0,L5CPF20110401_20110630.14,9,3,2016-03-29 22:44:08
Y,http://earthexplorer.usgs.gov/browse/tm/176/36/2011/LT51760362011066MOR00_REFL.jpg,LT51760362011066MOR00,LANDSAT_TM,2011-03-07,2016-04-17,176,36,35.55232,32.31808,35.2605,34.32325,33.96988,31.88971,33.68341,33.85856,34.62074,33.09753,4,47.73,61.15,19.75,68.92,41.12,DAY,42.83396934,142.64748303,2011:066:08:12:22.76725,2011:066:08:12:49.38006,LANDSAT_5,L1T,http://earthexplorer.usgs.gov/order/process?dataset_name=LANDSAT_TM&ordered=LT51760362011066MOR00,TMR_L0RP,WGS84,GLS2000,WGS84,DEFINITIVE,,,103,112,4.637,3.087,3.46,.145,30,30,UTM,NA,NORTH_UP,GEOTIFF,Y,7091,8001,CUBIC_CONVOLUTION,7091,8001,,36,,LPGS_12.7.0,L5CPF20110101_20110331.14,9,3,2016-04-17 23:29:13
Y,http://earthexplorer.usgs.gov/browse/tm/176/36/2011/LT51760362011050MOR00_REFL.jpg,LT51760362011050MOR00,LANDSAT_TM,2011-02-19,2016-04-17,176,36,35.5523,32.32046,35.26048,34.32562,33.96986,31.89208,33.68339,33.86093,34.62072,33.0999,2,29.31,62.18,42.08,10.71,2.28,DAY,37.27598722,145.70150259,2011:050:08:12:24.80031,2011:050:08:12:51.41319,LANDSAT_5,L1T,http://earthexplorer.usgs.gov/order/process?dataset_name=LANDSAT_TM&ordered=LT51760362011050MOR00,TMR_L0RP,WGS84,GLS2000,WGS84,DEFINITIVE,,,122,167,4.387,2.672,3.479,.165,30,30,UTM,NA,NORTH_UP,GEOTIFF,Y,7101,8001,CUBIC_CONVOLUTION,7101,8001,,36,,LPGS_12.7.0,L5CPF20110101_20110331.14,9,3,2016-04-17 23:30:29
Y,http://earthexplorer.usgs.gov/browse/tm/176/36/2011/LT51760362011034MOR00_REFL.jpg,LT51760362011034MOR00,LANDSAT_TM,2011-02-03,2016-04-17,176,36,35.54591,32.32853,35.25412,34.33354,33.96346,31.90019,33.67702,33.8689,34.61434,33.10792,8,86.04,78.14,72.28,96.11,97.62,DAY,32.64124138,148.6585173,2011:034:08:12:23.88781,2011:034:08:12:50.50069,LANDSAT_5,L1T,http://earthexplorer.usgs.gov/order/process?dataset_name=LANDSAT_TM&ordered=LT51760362011034MOR00,TMR_L0RP,WGS84,GLS2000,WGS84,DEFINITIVE,,,119,407,3.568,2.231,2.784,.109,30,30,UTM,NA,NORTH_UP,GEOTIFF,Y,7101,7991,CUBIC_CONVOLUTION,7101,7991,,36,,LPGS_12.7.0,L5CPF20110101_20110331.14,9,3,2016-04-17 23:29:21
Y,http://earthexplorer.usgs.gov/browse/tm/176/36/2011/LT51760362011018MOR00_REFL.jpg,LT51760362011018MOR00,LANDSAT_TM,2011-01-18,2016-03-29,176,36,35.54649,32.33386,35.25469,34.33889,33.96405,31.90552,33.6776,33.87425,34.61492,33.11326,3,40.59,20.76,34.87,51.06,55.67,DAY,29.39109213,151.54379542,2011:018:08:12:22.69813,2011:018:08:12:49.31094,LANDSAT_5,L1T,http://earthexplorer.usgs.gov/order/process?dataset_name=LANDSAT_TM&ordered=LT51760362011018MOR00,TMR_L0RP,WGS84,GLS2000,WGS84,DEFINITIVE,,,107,339,3.977,2.441,3.14,.119,30,30,UTM,NA,NORTH_UP,GEOTIFF,Y,7101,7971,CUBIC_CONVOLUTION,7101,7971,,36,,LPGS_12.7.0,L5CPF20110101_20110331.14,9,3,2016-03-29 22:42:19
Y,http://earthexplorer.usgs.gov/browse/tm/176/36/2011/LT51760362011002MOR00_REFL.jpg,LT51760362011002MOR00,LANDSAT_TM,2011-01-02,2016-03-29,176,36,35.54342,32.33103,35.25163,34.33598,33.96097,31.90271,33.67454,33.87136,34.61185,33.1104,4,47.29,83.34,54.62,39.45,11.74,DAY,27.84652063,154.1810895,2011:002:08:12:21.89738,2011:002:08:12:48.51025,LANDSAT_5,L1T,http://earthexplorer.usgs.gov/order/process?dataset_name=LANDSAT_TM&ordered=LT51760362011002MOR00,TMR_L0RP,WGS84,GLS2000,WGS84,DEFINITIVE,,,106,376,4.005,2.532,3.103,.102,30,30,UTM,NA,NORTH_UP,GEOTIFF,Y,7101,7961,CUBIC_CONVOLUTION,7101,7961,,36,,LPGS_12.7.0,L5CPF20110101_20110331.14,9,3,2016-03-29 22:44:12
Y,http://earthexplorer.usgs.gov/browse/tm/176/36/2010/LT51760362010319MOR00_REFL.jpg,LT51760362010319MOR00,LANDSAT_TM,2010-11-15,2016-03-28,176,36,35.55264,32.32121,35.26082,34.32639,33.9702,31.89283,33.68373,33.86169,34.62106,33.10066,2,22.79,12.39,35.4,27.55,15.82,DAY,33.61839471,157.15237132,2010:319:08:12:13.96188,2010:319:08:12:40.57475,LANDSAT_5,L1T,http://earthexplorer.usgs.gov/order/process?dataset_name=LANDSAT_TM&ordered=LT51760362010319MOR00,TMR_L0RP,WGS84,GLS2000,WGS84,DEFINITIVE,,,120,444,3.996,2.506,3.113,.102,30,30,UTM,NA,NORTH_UP,GEOTIFF,Y,7101,8001,CUBIC_CONVOLUTION,7101,8001,,36,,LPGS_12.7.0,L5CPF20101001_20101231.13,9,3,2016-03-28 22:22:03
Y,http://earthexplorer.usgs.gov/browse/tm/176/36/2010/LT51760362010303MOR00_REFL.jpg,LT51760362010303MOR00,LANDSAT_TM,2010-10-30,2016-03-27,176,36,35.55095,32.29117,35.25914,34.2963,33.96851,31.8628,33.68206,33.83162,34.61938,33.0706,2,28.22,16.88,26.86,36.86,32.28,DAY,38.10537003,155.4005544,2010:303:08:12:14.87131,2010:303:08:12:41.48419,LANDSAT_5,L1T,http://earthexplorer.usgs.gov/order/process?dataset_name=LANDSAT_TM&ordered=LT51760362010303MOR00,TMR_L0RP,WGS84,GLS2000,WGS84,DEFINITIVE,,,44,205,3.934,2.45,3.078,.141,30,30,UTM,NA,NORTH_UP,GEOTIFF,Y,7101,8001,CUBIC_CONVOLUTION,7101,8001,,36,,LPGS_12.7.0,L5CPF20101001_20101231.13,9,3,2016-03-27 22:58:48
Y,http://earthexplorer.usgs.gov/browse/tm/176/36/2010/LT51760362010287MOR00_REFL.jpg,LT51760362010287MOR00,LANDSAT_TM,2010-10-14,2016-03-27,176,36,35.55522,32.2737,35.26339,34.27894,33.97278,31.8453,33.68631,33.81422,34.62364,33.05317,0,.25,.24,.68,.1,0,DAY,43.13472446,151.97432961,2010:287:08:12:24.50063,2010:287:08:12:51.11350,LANDSAT_5,L1T,http://earthexplorer.usgs.gov/order/process?dataset_name=LANDSAT_TM&ordered=LT51760362010287MOR00,TMR_L0RP,WGS84,GLS2000,WGS84,DEFINITIVE,,,176,585,4.004,2.594,3.05,.112,30,30,UTM,NA,NORTH_UP,GEOTIFF,Y,7101,7991,CUBIC_CONVOLUTION,7101,7991,,36,,LPGS_12.7.0,L5CPF20101001_20101231.13,9,3,2016-03-27 22:57:00
Y,http://earthexplorer.usgs.gov/browse/tm/176/36/2010/LT51760362010271MOR00_REFL.jpg,LT51760362010271MOR00,LANDSAT_TM,2010-09-28,2014-12-13,176,36,35.5611,32.28136,35.26925,34.28674,33.97866,31.85291,33.69217,33.82196,34.62951,33.06087,0,.96,3.44,.29,.13,0,DAY,48.21839702,146.82591076,2010:271:08:12:33.22288,2010:271:08:12:59.83581,LANDSAT_5,L1T,http://earthexplorer.usgs.gov/order/process?dataset_name=LANDSAT_TM&ordered=LT51760362010271MOR00,TMR_L0RP,WGS84,GLS2000,WGS84,DEFINITIVE,,,149,531,4.089,2.784,2.995,.134,30,30,UTM,NA,NORTH_UP,GEOTIFF,Y,7111,7971,CUBIC_CONVOLUTION,7111,7971,,36,,LPGS_12.5.0,L5CPF20100701_20100930.14,7,,2014-12-13 10:49:12
Y,http://earthexplorer.usgs.gov/browse/tm/176/36/2010/LT51760362010239MOR00_REFL.jpg,LT51760362010239MOR00,LANDSAT_TM,2010-08-27,2014-12-13,176,36,35.55608,32.30823,35.26425,34.31349,33.97364,31.87982,33.68717,33.84875,34.6245,33.0877,0,.08,0,.06,0,.25,DAY,57.04194145,132.42862737,2010:239:08:12:43.81881,2010:239:08:13:10.43175,LANDSAT_5,L1T,http://earthexplorer.usgs.gov/order/process?dataset_name=LANDSAT_TM&ordered=LT51760362010239MOR00,TMR_L0RP,WGS84,GLS2000,WGS84,DEFINITIVE,,,162,592,4.494,3.285,3.066,.16,30,30,UTM,NA,NORTH_UP,GEOTIFF,Y,7091,7971,CUBIC_CONVOLUTION,7091,7971,,36,,LPGS_12.5.0,L5CPF20100701_20100930.14,9,,2014-12-13 10:43:55
Y,http://earthexplorer.usgs.gov/browse/tm/176/36/2010/LT51760362010191MOR00_REFL.jpg,LT51760362010191MOR00,LANDSAT_TM,2010-07-10,2014-12-13,176,36,35.54839,32.32109,35.25659,34.32616,33.96595,31.89274,33.6795,33.8615,34.61682,33.1005,0,2.62,1.62,2.15,2.02,4.7,DAY,64.91050672,112.96692341,2010:191:08:12:58.21950,2010:191:08:13:24.83250,LANDSAT_5,L1T,http://earthexplorer.usgs.gov/order/process?dataset_name=LANDSAT_TM&ordered=LT51760362010191MOR00,TMR_L0RP,WGS84,GLS2000,WGS84,DEFINITIVE,,,105,411,5.678,4.535,3.416,.237,30,30,UTM,NA,NORTH_UP,GEOTIFF,Y,7111,8001,CUBIC_CONVOLUTION,7111,8001,,36,,LPGS_12.5.0,L5CPF20100701_20100930.14,9,,2014-12-13 10:44:36
Y,http://earthexplorer.usgs.gov/browse/tm/176/36/2010/LT51760362010175MOR00_REFL.jpg,LT51760362010175MOR00,LANDSAT_TM,2010-06-24,2014-12-13,176,36,35.54548,32.32268,35.25369,34.32769,33.96303,31.89435,33.67659,33.86305,34.61391,33.10207,1,15.72,10.84,21.59,9.7,20.76,DAY,66.151802,111.56175699,2010:175:08:13:02.13575,2010:175:08:13:28.74869,LANDSAT_5,L1T,http://earthexplorer.usgs.gov/order/process?dataset_name=LANDSAT_TM&ordered=LT51760362010175MOR00,TMR_L0RP,WGS84,GLS2000,WGS84,DEFINITIVE,,,75,238,5.274,4.195,3.196,.224,30,30,UTM,NA,NORTH_UP,GEOTIFF,Y,7101,7991,CUBIC_CONVOLUTION,7101,7991,,36,,LPGS_12.5.0,L5CPF20100401_20100630.14,9,,2014-12-13 10:43:53
Y,http://earthexplorer.usgs.gov/browse/tm/176/36/2010/LT51760362010127MOR00_REFL.jpg,LT51760362010127MOR00,LANDSAT_TM,2010-05-07,2016-06-12,176,36,35.54712,32.31197,35.25532,34.31701,33.96468,31.88362,33.67823,33.85236,34.61555,33.09137,0,.99,.04,1.67,1.58,.68,DAY,63.02730639,125.53452243,2010:127:08:13:15.52550,2010:127:08:13:42.13838,LANDSAT_5,L1T,http://earthexplorer.usgs.gov/order/process?dataset_name=LANDSAT_TM&ordered=LT51760362010127MOR00,TMR_L0RP,WGS84,GLS2000,WGS84,DEFINITIVE,,,170,640,4.587,3.255,3.232,.18,30,30,UTM,NA,NORTH_UP,GEOTIFF,Y,7101,7961,CUBIC_CONVOLUTION,7101,7961,,36,,LPGS_12.7.0,L5CPF20100401_20100630.14,9,4,2016-06-12 22:57:14
Y,http://earthexplorer.usgs.gov/browse/tm/176/36/2010/LT51760362010111MOR00_REFL.jpg,LT51760362010111MOR00,LANDSAT_TM,2010-04-21,2016-06-12,176,36,35.55435,32.31251,35.26253,34.31773,33.97191,31.88412,33.68544,33.85301,34.62277,33.09197,1,14.39,24.5,12.81,8.35,11.89,DAY,58.97728259,131.53335232,2010:111:08:13:18.51919,2010:111:08:13:45.13213,LANDSAT_5,L1T,http://earthexplorer.usgs.gov/order/process?dataset_name=LANDSAT_TM&ordered=LT51760362010111MOR00,TMR_L0RP,WGS84,GLS2000,WGS84,DEFINITIVE,,,87,296,4.738,3.405,3.295,.181,30,30,UTM,NA,NORTH_UP,GEOTIFF,Y,7101,7981,CUBIC_CONVOLUTION,7101,7981,,36,,LPGS_12.7.0,L5CPF20100401_20100630.14,9,4,2016-06-12 22:55:59
Y,http://earthexplorer.usgs.gov/browse/tm/176/36/2010/LT51760362010095MOR00_REFL.jpg,LT51760362010095MOR00,LANDSAT_TM,2010-04-05,2016-06-12,176,36,35.55327,32.30905,35.26145,34.31424,33.97083,31.88066,33.68436,33.84953,34.62169,33.0885,0,0,0,0,0,0,DAY,53.75884607,136.39236097,2010:095:08:13:21.57000,2010:095:08:13:48.18288,LANDSAT_5,L1T,http://earthexplorer.usgs.gov/order/process?dataset_name=LANDSAT_TM&ordered=LT51760362010095MOR00,TMR_L0RP,WGS84,GLS2000,WGS84,DEFINITIVE,,,204,718,4.341,2.777,3.337,.154,30,30,UTM,NA,NORTH_UP,GEOTIFF,Y,7111,7991,CUBIC_CONVOLUTION,7111,7991,,36,,LPGS_12.7.0,L5CPF20100401_20100630.14,9,4,2016-06-12 08:13:47
Y,http://earthexplorer.usgs.gov/browse/tm/176/36/2010/LT51760362010063MOR00_REFL.jpg,LT51760362010063MOR00,LANDSAT_TM,2010-03-04,2016-06-12,176,36,35.55255,32.30908,35.26073,34.31426,33.97011,31.8807,33.68364,33.84956,34.62097,33.08853,6,65.16,92.12,57.35,53.19,57.98,DAY,41.95559708,143.47686584,2010:063:08:13:23.30638,2010:063:08:13:49.91913,LANDSAT_5,L1T,http://earthexplorer.usgs.gov/order/process?dataset_name=LANDSAT_TM&ordered=LT51760362010063MOR00,TMR_L0RP,WGS84,GLS2000,WGS84,DEFINITIVE,,,71,36,4.705,2.883,3.718,.143,30,30,UTM,NA,NORTH_UP,GEOTIFF,Y,7111,7991,CUBIC_CONVOLUTION,7111,7991,,36,,LPGS_12.7.0,L5CPF20100101_20100331.14,9,4,2016-06-12 08:08:28
Y,http://earthexplorer.usgs.gov/browse/tm/176/36/2010/LT51760362010047MOR00_REFL.jpg,LT51760362010047MOR00,LANDSAT_TM,2010-02-16,2016-05-22,176,36,35.54752,32.31285,35.25572,34.31791,33.96508,31.88451,33.67863,33.85325,34.61595,33.09226,3,33.05,26.63,67.95,.22,37.38,DAY,36.50464688,146.46711316,2010:047:08:13:21.38588,2010:047:08:13:47.99881,LANDSAT_5,L1T,http://earthexplorer.usgs.gov/order/process?dataset_name=LANDSAT_TM&ordered=LT51760362010047MOR00,TMR_L0RP,WGS84,GLS2000,WGS84,DEFINITIVE,,,193,596,3.555,2.286,2.723,.097,30,30,UTM,NA,NORTH_UP,GEOTIFF,Y,7101,7971,CUBIC_CONVOLUTION,7101,7971,,36,,LPGS_12.7.0,L5CPF20100101_20100331.14,9,4,2016-05-22 21:57:55
Y,http://earthexplorer.usgs.gov/browse/tm/176/36/2010/LT51760362010031MOR00_REFL.jpg,LT51760362010031MOR00,LANDSAT_TM,2010-01-31,2016-05-20,176,36,35.546,32.31503,35.25421,34.32004,33.96356,31.88669,33.67711,33.8554,34.61443,33.09442,1,16.57,41.01,16.09,6.99,2.2,DAY,32.06746318,149.39421853,2010:031:08:13:18.70119,2010:031:08:13:45.31419,LANDSAT_5,L1T,http://earthexplorer.usgs.gov/order/process?dataset_name=LANDSAT_TM&ordered=LT51760362010031MOR00,TMR_L0RP,WGS84,GLS2000,WGS84,DEFINITIVE,,,92,327,2.962,2.222,1.959,.105,30,30,UTM,NA,NORTH_UP,GEOTIFF,Y,7101,7961,CUBIC_CONVOLUTION,7101,7961,,36,,LPGS_12.7.0,L5CPF20100101_20100331.14,9,4,2016-05-20 20:13:27
Y,http://earthexplorer.usgs.gov/browse/tm/176/36/2010/LT51760362010015MOR00_REFL.jpg,LT51760362010015MOR00,LANDSAT_TM,2010-01-15,2016-05-20,176,36,35.55333,32.31862,35.26151,34.32381,33.97089,31.89023,33.68442,33.8591,34.62175,33.09807,4,48.48,56.81,64.88,22.05,50.17,DAY,29.08048182,152.23440343,2010:015:08:13:14.82431,2010:015:08:13:41.43713,LANDSAT_5,L1T,http://earthexplorer.usgs.gov/order/process?dataset_name=LANDSAT_TM&ordered=LT51760362010015MOR00,TMR_L0RP,WGS84,GLS2000,WGS84,DEFINITIVE,,,30,87,4.388,2.778,3.397,.123,30,30,UTM,NA,NORTH_UP,GEOTIFF,Y,7101,7971,CUBIC_CONVOLUTION,7101,7971,,36,,LPGS_12.7.0,L5CPF20100101_20100331.14,9,4,2016-05-20 22:28:18
Y,http://earthexplorer.usgs.gov/browse/tm/176/36/2009/LT51760362009348MOR00_REFL.jpg,LT51760362009348MOR00,LANDSAT_TM,2009-12-14,2016-05-20,176,36,35.54984,32.32264,35.25804,34.32776,33.9674,31.89428,33.68095,33.86308,34.61827,33.10207,2,27.85,30.41,55.33,11.47,14.18,DAY,28.42092911,156.68957858,2009:348:08:13:03.14131,2009:348:08:13:29.75425,LANDSAT_5,L1T,http://earthexplorer.usgs.gov/order/process?dataset_name=LANDSAT_TM&ordered=LT51760362009348MOR00,TMR_L0RP,WGS84,GLS2000,WGS84,DEFINITIVE,,,141,487,3.636,2.401,2.731,.114,30,30,UTM,NA,NORTH_UP,GEOTIFF,Y,7101,7991,CUBIC_CONVOLUTION,7101,7991,,36,,LPGS_12.7.0,L5CPF20091001_20091231.12,9,4,2016-05-20 21:08:57
Y,http://earthexplorer.usgs.gov/browse/tm/176/36/2009/LT51760362009332MOR00_REFL.jpg,LT51760362009332MOR00,LANDSAT_TM,2009-11-28,2016-05-15,176,36,35.5455,32.33159,35.25371,34.3366,33.96305,31.90326,33.67661,33.87196,34.61393,33.11098,0,9.51,17.15,11.82,8.88,.21,DAY,30.70612942,157.57620169,2009:332:08:12:53.85369,2009:332:08:13:20.46663,LANDSAT_5,L1T,http://earthexplorer.usgs.gov/order/process?dataset_name=LANDSAT_TM&ordered=LT51760362009332MOR00,TMR_L0RP,WGS84,GLS2000,WGS84,DEFINITIVE,,,203,687,3.636,2.298,2.818,.084,30,30,UTM,NA,NORTH_UP,GEOTIFF,Y,7101,7991,CUBIC_CONVOLUTION,7101,7991,,36,,LPGS_12.7.0,L5CPF20091001_20091231.12,9,4,2016-05-15 20:36:26
Y,http://earthexplorer.usgs.gov/browse/tm/176/36/2009/LT51760362009316MOR00_REFL.jpg,LT51760362009316MOR00,LANDSAT_TM,2009-11-12,2016-05-14,176,36,35.54367,32.32874,35.25188,34.33371,33.96122,31.90043,33.67479,33.86909,34.6121,33.10812,0,10.54,27.56,8.11,4.8,1.68,DAY,34.37552524,157.11478409,2009:316:08:12:46.66119,2009:316:08:13:13.27413,LANDSAT_5,L1T,http://earthexplorer.usgs.gov/order/process?dataset_name=LANDSAT_TM&ordered=LT51760362009316MOR00,TMR_L0RP,WGS84,GLS2000,WGS84,DEFINITIVE,,,121,445,3.835,2.492,2.915,.124,30,30,UTM,NA,NORTH_UP,GEOTIFF,Y,7101,7991,CUBIC_CONVOLUTION,7101,7991,,36,,LPGS_12.7.0,L5CPF20091001_20091231.12,9,4,2016-05-14 22:03:22
Y,http://earthexplorer.usgs.gov/browse/tm/176/36/2009/LT51760362009300MOR00_REFL.jpg,LT51760362009300MOR00,LANDSAT_TM,2009-10-27,2016-04-16,176,36,35.54844,32.32387,35.25664,34.32894,33.966,31.89551,33.67955,33.86428,34.61687,33.10328,2,23.93,7.55,5,30.95,52.22,DAY,38.98082011,155.04542385,2009:300:08:12:39.40306,2009:300:08:13:06.01600,LANDSAT_5,L1T,http://earthexplorer.usgs.gov/order/process?dataset_name=LANDSAT_TM&ordered=LT51760362009300MOR00,TMR_L0RP,WGS84,GLS2000,WGS84,DEFINITIVE,,,144,545,3.840,2.644,2.785,.106,30,30,UTM,NA,NORTH_UP,GEOTIFF,Y,7101,7971,CUBIC_CONVOLUTION,7101,7971,,36,,LPGS_12.7.0,L5CPF20091001_20091231.12,9,3,2016-04-16 23:01:52
Y,http://earthexplorer.usgs.gov/browse/tm/176/36/2009/LT51760362009284MOR00_REFL.jpg,LT51760362009284MOR00,LANDSAT_TM,2009-10-11,2016-04-16,176,36,35.54573,32.32105,35.25394,34.32606,33.96328,31.89272,33.67684,33.86142,34.61416,33.10044,0,0,0,0,0,0,DAY,44.02661895,151.23003374,2009:284:08:12:30.48769,2009:284:08:12:57.10063,LANDSAT_5,L1T,http://earthexplorer.usgs.gov/order/process?dataset_name=LANDSAT_TM&ordered=LT51760362009284MOR00,TMR_L0RP,WGS84,GLS2000,WGS84,DEFINITIVE,,,197,658,4.115,2.681,3.122,.113,30,30,UTM,NA,NORTH_UP,GEOTIFF,Y,7101,7971,CUBIC_CONVOLUTION,7101,7971,,36,,LPGS_12.7.0,L5CPF20091001_20091231.12,9,3,2016-04-16 23:02:05
Y,http://earthexplorer.usgs.gov/browse/tm/176/36/2009/LT51760362009268MOR00_REFL.jpg,LT51760362009268MOR00,LANDSAT_TM,2009-09-25,2014-12-13,176,36,35.55133,32.32331,35.25951,34.32846,33.96889,31.89494,33.68243,33.86377,34.61975,33.10275,0,0,0,0,0,0,DAY,49.04033114,145.69136091,2009:268:08:12:19.84638,2009:268:08:12:46.45938,LANDSAT_5,L1T,http://earthexplorer.usgs.gov/order/process?dataset_name=LANDSAT_TM&ordered=LT51760362009268MOR00,TMR_L0RP,WGS84,GLS2000,WGS84,DEFINITIVE,,,184,638,4.118,2.774,3.043,.129,30,30,UTM,NA,NORTH_UP,GEOTIFF,Y,7111,7961,CUBIC_CONVOLUTION,7111,7961,,36,,LPGS_12.5.0,L5CPF20090701_20090930.17,9,,2014-12-13 10:48:22
Y,http://earthexplorer.usgs.gov/browse/tm/176/36/2009/LT51760362009252MOR00_REFL.jpg,LT51760362009252MOR00,LANDSAT_TM,2009-09-09,2014-12-13,176,36,35.55206,32.32729,35.26024,34.33245,33.96962,31.89891,33.68315,33.86775,34.62048,33.10673,1,12.06,15.86,7.88,9.18,15.32,DAY,53.63095782,138.67704561,2009:252:08:12:07.62231,2009:252:08:12:34.23531,LANDSAT_5,L1T,http://earthexplorer.usgs.gov/order/process?dataset_name=LANDSAT_TM&ordered=LT51760362009252MOR00,TMR_L0RP,WGS84,GLS2000,WGS84,DEFINITIVE,,,79,208,4.392,3.213,2.995,.2,30,30,UTM,NA,NORTH_UP,GEOTIFF,Y,7101,7971,CUBIC_CONVOLUTION,7101,7971,,36,,LPGS_12.5.0,L5CPF20090701_20090930.17,9,,2014-12-13 10:39:32
Y,http://earthexplorer.usgs.gov/browse/tm/176/36/2009/LT51760362009236MOR00_REFL.jpg,LT51760362009236MOR00,LANDSAT_TM,2009-08-24,2016-04-25,176,36,35.5495,32.33198,35.2577,34.33708,33.96706,31.90362,33.68061,33.87241,34.61793,33.1114,0,0,0,0,0,0,DAY,57.54060249,130.75141192,2009:236:08:11:53.79056,2009:236:08:12:20.40356,LANDSAT_5,L1T,http://earthexplorer.usgs.gov/order/process?dataset_name=LANDSAT_TM&ordered=LT51760362009236MOR00,TMR_L0RP,WGS84,GLS2000,WGS84,DEFINITIVE,,,158,586,4.714,3.356,3.31,.188,30,30,UTM,NA,NORTH_UP,GEOTIFF,Y,7111,7981,CUBIC_CONVOLUTION,7111,7981,,36,,LPGS_12.7.0,L5CPF20090701_20090930.17,9,3,2016-04-25 10:30:06
Y,http://earthexplorer.usgs.gov/browse/tm/176/36/2009/LT51760362009220MOR00_REFL.jpg,LT51760362009220MOR00,LANDSAT_TM,2009-08-08,2014-12-13,176,36,35.54634,32.3359,35.25454,34.34093,33.9639,31.90757,33.67745,33.87628,34.61477,33.1153,0,8.84,11.29,2.82,12.37,8.87,DAY,60.67650032,122.84491564,2009:220:08:11:39.08213,2009:220:08:12:05.69513,LANDSAT_5,L1T,http://earthexplorer.usgs.gov/order/process?dataset_name=LANDSAT_TM&ordered=LT51760362009220MOR00,TMR_L0RP,WGS84,GLS2000,WGS84,DEFINITIVE,,,78,218,5.346,3.731,3.829,.215,30,30,UTM,NA,NORTH_UP,GEOTIFF,Y,7111,7991,CUBIC_CONVOLUTION,7111,7991,,36,,LPGS_12.5.0,L5CPF20090701_20090930.17,7,,2014-12-13 10:50:01
Y,http://earthexplorer.usgs.gov/browse/tm/176/36/2009/LT51760362009204MOR00_REFL.jpg,LT51760362009204MOR00,LANDSAT_TM,2009-07-23,2014-12-13,176,36,35.54288,32.33266,35.2511,34.3376,33.96044,31.90435,33.67401,33.87299,34.61132,33.11203,0,.09,.2,.14,0,0,DAY,63.08426021,116.1589729,2009:204:08:11:24.95869,2009:204:08:11:51.57169,LANDSAT_5,L1T,http://earthexplorer.usgs.gov/order/process?dataset_name=LANDSAT_TM&ordered=LT51760362009204MOR00,TMR_L0RP,WGS84,GLS2000,WGS84,DEFINITIVE,,,129,525,4.510,3.308,3.065,.22,30,30,UTM,NA,NORTH_UP,GEOTIFF,Y,7111,7991,CUBIC_CONVOLUTION,7111,7991,,36,,LPGS_12.5.0,L5CPF20090701_20090930.17,9,,2014-12-13 10:36:57
Y,http://earthexplorer.usgs.gov/browse/tm/176/36/2009/LT51760362009188MOR00_REFL.jpg,LT51760362009188MOR00,LANDSAT_TM,2009-07-07,2014-12-13,176,36,35.55054,32.33484,35.25873,34.33997,33.9681,31.90647,33.68165,33.87528,34.61897,33.11427,0,3.2,5.08,5.45,1.49,.78,DAY,64.82908683,111.90496963,2009:188:08:11:09.30800,2009:188:08:11:35.92113,LANDSAT_5,L1T,http://earthexplorer.usgs.gov/order/process?dataset_name=LANDSAT_TM&ordered=LT51760362009188MOR00,TMR_L0RP,WGS84,GLS2000,WGS84,DEFINITIVE,,,94,302,4.953,3.781,3.2,.236,30,30,UTM,NA,NORTH_UP,GEOTIFF,Y,7111,7971,CUBIC_CONVOLUTION,7111,7971,,36,,LPGS_12.5.0,L5CPF20090701_20090930.17,9,,2014-12-13 10:44:10
Y,http://earthexplorer.usgs.gov/browse/tm/176/36/2009/LT51760362009172MOR00_REFL.jpg,LT51760362009172MOR00,LANDSAT_TM,2009-06-21,2014-12-13,176,36,35.54718,32.33672,35.25538,34.34176,33.96474,31.90837,33.67829,33.87711,34.61561,33.11612,0,.31,.33,.12,0,.82,DAY,65.86766318,111.01943517,2009:172:08:10:52.55738,2009:172:08:11:19.17050,LANDSAT_5,L1T,http://earthexplorer.usgs.gov/order/process?dataset_name=LANDSAT_TM&ordered=LT51760362009172MOR00,TMR_L0RP,WGS84,GLS2000,WGS84,DEFINITIVE,,,134,515,4.791,3.518,3.253,.242,30,30,UTM,NA,NORTH_UP,GEOTIFF,Y,7111,7961,CUBIC_CONVOLUTION,7111,7961,,36,,LPGS_12.5.0,L5CPF20090526_20090630.15,7,,2014-12-13 10:46:19
Y,http://earthexplorer.usgs.gov/browse/tm/176/36/2009/LT51760362009156MOR00_REFL.jpg,LT51760362009156MOR00,LANDSAT_TM,2009-06-05,2016-05-14,176,36,35.54243,32.34423,35.25065,34.34917,33.95999,31.91593,33.67356,33.88456,34.61087,33.1236,0,.36,1.03,.23,.18,.02,DAY,65.94759334,113.71729283,2009:156:08:10:34.05425,2009:156:08:11:00.66731,LANDSAT_5,L1T,http://earthexplorer.usgs.gov/order/process?dataset_name=LANDSAT_TM&ordered=LT51760362009156MOR00,TMR_L0RP,WGS84,GLS2000,WGS84,DEFINITIVE,,,130,531,4.733,3.576,3.101,.218,30,30,UTM,NA,NORTH_UP,GEOTIFF,Y,7111,7951,CUBIC_CONVOLUTION,7111,7951,,36,,LPGS_12.7.0,L5CPF20090526_20090630.15,9,4,2016-05-14 22:02:55
Y,http://earthexplorer.usgs.gov/browse/tm/176/36/2009/LT51760362009140MOR00_REFL.jpg,LT51760362009140MOR00,LANDSAT_TM,2009-05-20,2016-04-14,176,36,35.54272,32.34051,35.25094,34.34545,33.96028,31.9122,33.67385,33.88084,34.61116,33.11988,1,20.13,15.25,12,28.4,24.89,DAY,64.70641266,119.11438328,2009:140:08:10:18.04281,2009:140:08:10:44.65575,LANDSAT_5,L1T,http://earthexplorer.usgs.gov/order/process?dataset_name=LANDSAT_TM&ordered=LT51760362009140MOR00,TMR_L0RP,WGS84,GLS2000,WGS84,DEFINITIVE,,,115,324,4.728,3.552,3.121,.197,30,30,UTM,NA,NORTH_UP,GEOTIFF,Y,7111,7961,CUBIC_CONVOLUTION,7111,7961,,36,,LPGS_12.7.0,L5CPF20090401_20090525.15,9,3,2016-04-14 21:16:25
Y,http://earthexplorer.usgs.gov/browse/tm/176/36/2009/LT51760362009124MOR00_REFL.jpg,LT51760362009124MOR00,LANDSAT_TM,2009-05-04,2016-04-14,176,36,35.54118,32.34552,35.24941,34.35043,33.95874,31.91722,33.67231,33.88583,34.60962,33.12488,2,28.3,51.8,57,.5,3.92,DAY,61.88622462,125.41981263,2009:124:08:09:59.65619,2009:124:08:10:26.26919,LANDSAT_5,L1T,http://earthexplorer.usgs.gov/order/process?dataset_name=LANDSAT_TM&ordered=LT51760362009124MOR00,TMR_L0RP,WGS84,GLS2000,WGS84,DEFINITIVE,,,53,73,4.857,2.837,3.942,.24,30,30,UTM,NA,NORTH_UP,GEOTIFF,Y,7111,7971,CUBIC_CONVOLUTION,7111,7971,,36,,LPGS_12.7.0,L5CPF20090401_20090525.15,9,3,2016-04-14 21:17:03
Y,http://earthexplorer.usgs.gov/browse/tm/176/36/2007/LT51760362007247MOR00_REFL.jpg,LT51760362007247MOR00,LANDSAT_TM,2007-09-04,2015-01-05,176,36,35.54209,32.34461,35.25031,34.34953,33.95965,31.9163,33.67322,33.88492,34.61053,33.12397,0,0,0,0,0,0,DAY,55.56469464,137.27978625,2007:247:08:15:36.26344,2007:247:08:16:02.87644,LANDSAT_5,L1T,http://earthexplorer.usgs.gov/order/process?dataset_name=LANDSAT_TM&ordered=LT51760362007247MOR00,TMR_L0RP,WGS84,GLS2000,WGS84,DEFINITIVE,,,173,631,4.471,3.089,3.233,.151,30,30,UTM,NA,NORTH_UP,GEOTIFF,Y,7101,7991,CUBIC_CONVOLUTION,7101,7991,,36,,LPGS_12.5.0,L5CPF20070726_20070930.19,7,,2015-01-05 13:00:27
Y,http://earthexplorer.usgs.gov/browse/tm/176/36/2007/LT51760362007151MOR00_REFL.jpg,LT51760362007151MOR00,LANDSAT_TM,2007-05-31,2015-01-05,176,36,35.56424,32.25551,35.27238,34.26097,33.98181,31.82705,33.69531,33.79616,34.63265,33.03505,0,0,0,10,0,0,DAY,66.84286839,117.54941384,2007:151:08:16:44.89106,2007:151:08:17:11.50413,LANDSAT_5,L1T,http://earthexplorer.usgs.gov/order/process?dataset_name=LANDSAT_TM&ordered=LT51760362007151MOR00,TMR_L0RP,WGS84,GLS2000,WGS84,DEFINITIVE,,,160,612,4.681,3.346,3.273,.204,30,30,UTM,NA,NORTH_UP,GEOTIFF,Y,7111,7971,CUBIC_CONVOLUTION,7111,7971,,36,,LPGS_12.5.0,L5CPF20070401_20070630.16,7,,2015-01-05 13:08:13
Y,http://earthexplorer.usgs.gov/browse/tm/176/36/2007/LT51760362007135MOR00_REFL.jpg,LT51760362007135MOR00,LANDSAT_TM,2007-05-15,2015-01-05,176,36,35.57052,32.23055,35.27864,34.23616,33.98809,31.80204,33.70157,33.7713,34.63892,33.01014,2,30,50,20,20,20,DAY,65.08686874,123.80109804,2007:135:08:16:57.23925,2007:135:08:17:23.85231,LANDSAT_5,L1T,http://earthexplorer.usgs.gov/order/process?dataset_name=LANDSAT_TM&ordered=LT51760362007135MOR00,TMR_L0RP,WGS84,GLS2000,WGS84,DEFINITIVE,,,40,111,4.569,3.247,3.215,.204,30,30,UTM,NA,NORTH_UP,GEOTIFF,Y,7101,7991,CUBIC_CONVOLUTION,7101,7991,,36,,LPGS_12.5.0,L5CPF20070401_20070630.16,9,,2015-01-05 13:05:21
Y,http://earthexplorer.usgs.gov/browse/tm/176/36/2006/LT51760362006260MOR00_REFL.jpg,LT51760362006260MOR00,LANDSAT_TM,2006-09-17,2015-01-05,176,36,35.55145,32.32287,35.25963,34.32802,33.96901,31.8945,33.68255,33.86333,34.61987,33.10231,0,0,0,0,0,0,DAY,51.98451119,143.62864719,2006:260:08:16:15.40988,2006:260:08:16:42.02288,LANDSAT_5,L1T,http://earthexplorer.usgs.gov/order/process?dataset_name=LANDSAT_TM&ordered=LT51760362006260MOR00,TMR_L0RP,WGS84,GLS2000,WGS84,DEFINITIVE,,,186,634,4.230,2.858,3.118,.135,30,30,UTM,NA,NORTH_UP,GEOTIFF,Y,7101,7981,CUBIC_CONVOLUTION,7101,7981,,36,,LPGS_12.5.0,L5CPF20060816_20060930.12,7,,2015-01-05 13:10:23
Y,http://earthexplorer.usgs.gov/browse/tm/176/36/2006/LT51760362006244MOR00_REFL.jpg,LT51760362006244MOR00,LANDSAT_TM,2006-09-01,2015-01-05,176,36,35.54643,32.33107,35.25463,34.3361,33.96399,31.90274,33.67754,33.87145,34.61486,33.11047,0,0,0,0,0,0,DAY,56.33139387,136.09555939,2006:244:08:16:03.80638,2006:244:08:16:30.41944,LANDSAT_5,L1T,http://earthexplorer.usgs.gov/order/process?dataset_name=LANDSAT_TM&ordered=LT51760362006244MOR00,TMR_L0RP,WGS84,GLS2000,WGS84,DEFINITIVE,,,98,357,4.125,2.898,2.935,.173,30,30,UTM,NA,NORTH_UP,GEOTIFF,Y,7101,7961,CUBIC_CONVOLUTION,7101,7961,,36,,LPGS_12.5.0,L5CPF20060816_20060930.12,7,,2015-01-05 13:10:53
Y,http://earthexplorer.usgs.gov/browse/tm/176/36/2003/LT51760362003284MTI01_REFL.jpg,LT51760362003284MTI01,LANDSAT_TM,2003-10-11,2015-01-05,176,36,35.54999,32.32078,35.25819,34.3259,33.96755,31.89242,33.6811,33.86122,34.61842,33.10021,0,0,0,0,0,0,DAY,42.91114921,147.26830555,2003:284:08:00:17.01238,2003:284:08:00:43.62525,LANDSAT_5,L1T,http://earthexplorer.usgs.gov/order/process?dataset_name=LANDSAT_TM&ordered=LT51760362003284MTI01,TMR_L0RP,WGS84,GLS2000,WGS84,DEFINITIVE,,,190,653,3.936,2.625,2.933,.123,30,30,UTM,NA,NORTH_UP,GEOTIFF,Y,7101,7911,CUBIC_CONVOLUTION,7101,7911,,36,,LPGS_12.5.0,L5CPF20031001_20031107.11,9,,2015-01-05 12:03:29
Y,http://earthexplorer.usgs.gov/browse/tm/176/36/2003/LT51760362003268MTI01_REFL.jpg,LT51760362003268MTI01,LANDSAT_TM,2003-09-25,2015-01-05,176,36,35.54909,32.31691,35.25729,34.322,33.96665,31.88856,33.6802,33.85733,34.61752,33.09633,0,0,0,0,0,0,DAY,47.70569806,141.43976415,2003:268:08:00:05.16463,2003:268:08:00:31.77744,LANDSAT_5,L1T,http://earthexplorer.usgs.gov/order/process?dataset_name=LANDSAT_TM&ordered=LT51760362003268MTI01,TMR_L0RP,WGS84,GLS2000,WGS84,DEFINITIVE,,,183,642,4.191,2.985,2.942,.133,30,30,UTM,NA,NORTH_UP,GEOTIFF,Y,7101,7901,CUBIC_CONVOLUTION,7101,7901,,36,,LPGS_12.5.0,L5CPF20030701_20030930.11,9,,2015-01-05 12:19:38
Y,http://earthexplorer.usgs.gov/browse/tm/176/36/2003/LT51760362003252MTI01_REFL.jpg,LT51760362003252MTI01,LANDSAT_TM,2003-09-09,2014-07-06,176,36,35.54792,32.31547,35.25612,34.32053,33.96548,31.88712,33.67903,33.85588,34.61635,33.09488,0,0,0,0,0,0,DAY,52.03361523,134.24834195,2003:252:07:59:51.38225,2003:252:08:00:17.99506,LANDSAT_5,L1T,http://earthexplorer.usgs.gov/order/process?dataset_name=LANDSAT_TM&ordered=LT51760362003252MTI01,TMR_L0RP,WGS84,GLS2000,WGS84,DEFINITIVE,,,179,628,4.279,3.208,2.832,.142,30,30,UTM,NA,NORTH_UP,GEOTIFF,Y,7101,7891,CUBIC_CONVOLUTION,7101,7891,,36,,LPGS_12.4.1,L5CPF20030701_20030930.10,9,,2014-07-06 14:08:59
Y,http://earthexplorer.usgs.gov/browse/tm/176/36/2003/LT51760362003220MTI01_REFL.jpg,LT51760362003220MTI01,LANDSAT_TM,2003-08-08,2015-01-05,176,36,35.5472,32.32531,35.2554,34.33035,33.96476,31.89696,33.67831,33.8657,34.61563,33.10471,0,0,0,0,0,0,DAY,58.58078318,118.60970599,2003:220:07:59:17.27450,2003:220:07:59:43.88738,LANDSAT_5,L1T,http://earthexplorer.usgs.gov/order/process?dataset_name=LANDSAT_TM&ordered=LT51760362003220MTI01,TMR_L0RP,WGS84,GLS2000,WGS84,DEFINITIVE,,,140,550,4.441,3.273,3.002,.181,30,30,UTM,NA,NORTH_UP,GEOTIFF,Y,7101,7921,CUBIC_CONVOLUTION,7101,7921,,36,,LPGS_12.5.0,L5CPF20030701_20030930.11,7,,2015-01-05 12:38:39
Y,http://earthexplorer.usgs.gov/browse/tm/176/36/2003/LT51760362003204MTI01_REFL.jpg,LT51760362003204MTI01,LANDSAT_TM,2003-07-23,2015-01-05,176,36,35.549,32.32734,35.2572,34.33243,33.96656,31.89899,33.68011,33.86776,34.61743,33.10676,0,0,0,0,0,0,DAY,60.82134866,112.23254003,2003:204:07:58:59.59225,2003:204:07:59:26.20513,LANDSAT_5,L1T,http://earthexplorer.usgs.gov/order/process?dataset_name=LANDSAT_TM&ordered=LT51760362003204MTI01,TMR_L0RP,WGS84,GLS2000,WGS84,DEFINITIVE,,,150,578,4.640,3.386,3.172,.194,30,30,UTM,NA,NORTH_UP,GEOTIFF,Y,7101,7921,CUBIC_CONVOLUTION,7101,7921,,36,,LPGS_12.5.0,L5CPF20030701_20030930.11,9,,2015-01-05 12:36:58
Y,http://earthexplorer.usgs.gov/browse/tm/176/36/2003/LT51760362003188MTI01_REFL.jpg,LT51760362003188MTI01,LANDSAT_TM,2003-07-07,2015-01-05,176,36,35.55191,32.32154,35.26009,34.3267,33.96947,31.89316,33.68301,33.862,34.62033,33.10098,0,10,0,0,30,0,DAY,62.47329586,108.27115563,2003:188:07:58:43.15706,2003:188:07:59:09.77000,LANDSAT_5,L1T,http://earthexplorer.usgs.gov/order/process?dataset_name=LANDSAT_TM&ordered=LT51760362003188MTI01,TMR_L0RP,WGS84,GLS2000,WGS84,DEFINITIVE,,,145,518,5.529,4.558,3.13,.205,30,30,UTM,NA,NORTH_UP,GEOTIFF,Y,7101,7921,CUBIC_CONVOLUTION,7101,7921,,36,,LPGS_12.5.0,L5CPF20030701_20030930.11,9,,2015-01-05 12:45:42
Y,http://earthexplorer.usgs.gov/browse/tm/176/36/2002/LT51760362002169MTI00_REFL.jpg,LT51760362002169MTI00,LANDSAT_TM,2002-06-18,2014-10-23,176,36,35.56608,32.24496,35.27422,34.25046,33.98365,31.81648,33.69715,33.78563,34.63449,33.02451,0,0,0,0,0,0,DAY,63.59506834,107.75828478,2002:169:07:58:33.39144,2002:169:07:59:00.00444,LANDSAT_5,L1T,http://earthexplorer.usgs.gov/order/process?dataset_name=LANDSAT_TM&ordered=LT51760362002169MTI00,TMR_L0RP,WGS84,GLS2000,WGS84,DEFINITIVE,,,159,589,4.545,3.279,3.147,.189,30,30,UTM,NA,NORTH_UP,GEOTIFF,Y,7101,7911,CUBIC_CONVOLUTION,7101,7911,,36,,LPGS_12.5.0,L5CPF20020515_20020630.11,9,,2014-10-23 09:24:46
Y,http://earthexplorer.usgs.gov/browse/tm/176/36/2002/LT51760362002137MTI00_REFL.jpg,LT51760362002137MTI00,LANDSAT_TM,2002-05-17,2014-10-23,176,36,35.56468,32.23515,35.27282,34.24061,33.98225,31.80668,33.69575,33.7758,34.63309,33.01469,0,0,0,0,0,0,DAY,62.27687968,116.71533262,2002:137:07:59:19.06344,2002:137:07:59:45.67644,LANDSAT_5,L1T,http://earthexplorer.usgs.gov/order/process?dataset_name=LANDSAT_TM&ordered=LT51760362002137MTI00,TMR_L0RP,WGS84,GLS2000,WGS84,DEFINITIVE,,,166,533,4.188,3.037,2.884,.17,30,30,UTM,NA,NORTH_UP,GEOTIFF,Y,7101,7911,CUBIC_CONVOLUTION,7101,7911,,36,,LPGS_12.5.0,L5CPF20020515_20020630.11,9,,2014-10-23 09:36:04
Y,http://earthexplorer.usgs.gov/browse/tm/176/36/2000/LT51760362000260AAA02_REFL.jpg,LT51760362000260AAA02,LANDSAT_TM,2000-09-16,2014-10-23,176,36,35.55879,32.29086,35.26696,34.29619,33.97636,31.86244,33.68988,33.83143,34.62721,33.07036,0,10,30,10,10,0,DAY,50.11643743,138.08739597,2000:260:08:00:40.27375,2000:260:08:01:07.38744,LANDSAT_5,L1T,http://earthexplorer.usgs.gov/order/process?dataset_name=LANDSAT_TM&ordered=LT51760362000260AAA02,TMR_L0RP,WGS84,GLS2000,WGS84,DEFINITIVE,,,48,148,4.682,3.075,3.531,2.082,30,30,UTM,NA,NORTH_UP,GEOTIFF,Y,7181,7851,CUBIC_CONVOLUTION,7181,7851,,36,,LPGS_12.5.0,L5CPF20000701_20000930.10,7,,2014-10-23 09:16:48
Y,http://earthexplorer.usgs.gov/browse/tm/176/36/2000/LT51760362000228XXX04_REFL.jpg,LT51760362000228XXX04,LANDSAT_TM,2000-08-15,2014-10-23,176,36,35.5524,32.29292,35.26058,34.2981,33.96996,31.86454,33.68349,33.8334,34.62082,33.07237,0,0,0,0,0,0,DAY,57.37976812,122.44096753,2000:228:08:00:04.33488,2000:228:08:00:31.44738,LANDSAT_5,L1T,http://earthexplorer.usgs.gov/order/process?dataset_name=LANDSAT_TM&ordered=LT51760362000228XXX04,TMR_L0RP,WGS84,GLS2000,WGS84,DEFINITIVE,,,186,688,4.396,3.289,2.916,.159,30,30,UTM,NA,NORTH_UP,GEOTIFF,Y,7171,7851,CUBIC_CONVOLUTION,7171,7851,,36,,LPGS_12.5.0,L5CPF20000701_20000930.10,9,,2014-10-23 09:33:23
Y,http://earthexplorer.usgs.gov/browse/tm/176/36/2000/LT51760362000212XXX02_REFL.jpg,LT51760362000212XXX02,LANDSAT_TM,2000-07-30,2014-05-04,176,36,35.54474,32.32567,35.25295,34.33065,33.96229,31.89734,33.67586,33.86602,34.61317,33.10505,0,0,0,0,0,0,DAY,59.90859784,115.21722949,2000:212:07:59:37.23144,2000:212:08:00:04.34356,LANDSAT_5,L1T,http://earthexplorer.usgs.gov/order/process?dataset_name=LANDSAT_TM&ordered=LT51760362000212XXX02,TMR_L0RP,WGS84,GLS2000,WGS84,DEFINITIVE,,,179,687,4.701,3.551,3.08,.173,30,30,UTM,NA,NORTH_UP,GEOTIFF,Y,7171,7851,CUBIC_CONVOLUTION,7171,7851,,36,,LPGS_12.4.1,L5CPF20000701_20000930.09,9,,2014-05-04 17:22:06
Y,http://earthexplorer.usgs.gov/browse/tm/176/36/2000/LT51760362000132XXX01_REFL.jpg,LT51760362000132XXX01,LANDSAT_TM,2000-05-11,2014-10-23,176,36,35.55894,32.26201,35.26711,34.26734,33.97651,31.83359,33.69003,33.80258,34.62736,33.04151,0,0,0,0,0,0,DAY,61.22162972,118.50462218,2000:132:07:58:09.04369,2000:132:07:58:36.15213,LANDSAT_5,L1T,http://earthexplorer.usgs.gov/order/process?dataset_name=LANDSAT_TM&ordered=LT51760362000132XXX01,TMR_L0RP,WGS84,GLS2000,WGS84,DEFINITIVE,,,202,727,4.028,2.965,2.727,.15,30,30,UTM,NA,NORTH_UP,GEOTIFF,Y,7171,7861,CUBIC_CONVOLUTION,7171,7861,,36,,LPGS_12.5.0,L5CPF20000401_20000630.10,9,,2014-10-23 09:18:24
Y,http://earthexplorer.usgs.gov/browse/tm/176/36/2000/LT51760362000100XXX02_REFL.jpg,LT51760362000100XXX02,LANDSAT_TM,2000-04-09,2014-10-23,176,36,35.53768,32.39161,35.24591,34.39643,33.95523,31.96334,33.66881,33.93186,34.60612,33.17094,3,40,60,60,0,20,DAY,52.77516082,129.66224178,2000:100:07:56:51.17163,2000:100:07:57:18.27875,LANDSAT_5,L1T,http://earthexplorer.usgs.gov/order/process?dataset_name=LANDSAT_TM&ordered=LT51760362000100XXX02,TMR_L0RP,WGS84,GLS2000,WGS84,DEFINITIVE,,,64,150,4.336,3.312,2.799,.146,30,30,UTM,NA,NORTH_UP,GEOTIFF,Y,7171,7841,CUBIC_CONVOLUTION,7171,7841,,36,,LPGS_12.5.0,L5CPF20000401_20000630.10,7,,2014-10-23 09:21:14
Y,http://earthexplorer.usgs.gov/browse/tm/176/36/2000/LT51760362000084XXX02_REFL.jpg,LT51760362000084XXX02,LANDSAT_TM,2000-03-24,2014-09-02,176,36,35.54109,32.34794,35.24932,34.35285,33.95865,31.91965,33.67222,33.88825,34.60953,33.1273,0,0,0,0,0,0,DAY,47.17122602,134.04516465,2000:084:07:56:37.59388,2000:084:07:57:04.69938,LANDSAT_5,L1T,http://earthexplorer.usgs.gov/order/process?dataset_name=LANDSAT_TM&ordered=LT51760362000084XXX02,TMR_L0RP,WGS84,GLS2000,WGS84,PREDICTIVE,,,222,792,3.699,2.637,2.594,.12,30,30,UTM,NA,NORTH_UP,GEOTIFF,Y,7171,7861,CUBIC_CONVOLUTION,7171,7861,,36,,LPGS_12.4.1,L5CPF20000101_20000331.09,7,,2014-09-02 07:33:18
Y,http://earthexplorer.usgs.gov/browse/tm/176/36/2000/LT51760362000052XXX03_REFL.jpg,LT51760362000052XXX03,LANDSAT_TM,2000-02-21,2014-10-23,176,36,35.56608,32.24523,35.27422,34.25073,33.98365,31.81675,33.69715,33.7859,34.63449,33.02478,4,50,80,40,40,30,DAY,35.79742256,141.04366582,2000:052:07:56:04.37500,2000:052:07:56:31.47781,LANDSAT_5,L1G,http://earthexplorer.usgs.gov/order/process?dataset_name=LANDSAT_TM&ordered=LT51760362000052XXX03,TMR_L0RP,WGS84,,WGS84,PREDICTIVE,,,,,,,,,30,30,UTM,NA,NORTH_UP,GEOTIFF,Y,7511,7771,CUBIC_CONVOLUTION,7511,7771,,36,,LPGS_12.5.0,L5CPF20000101_20000331.10,9,,2014-10-23 09:20:25
Y,http://earthexplorer.usgs.gov/browse/tm/176/36/2000/LT51760362000036AAA02_REFL.jpg,LT51760362000036AAA02,LANDSAT_TM,2000-02-05,2014-10-23,176,36,35.5693,32.21063,35.27742,34.21621,33.98687,31.78213,33.70035,33.75136,34.6377,32.99021,4,50,40,70,20,50,DAY,31.26145779,144.40474323,2000:036:07:56:38.40350,2000:036:07:57:05.50431,LANDSAT_5,L1T,http://earthexplorer.usgs.gov/order/process?dataset_name=LANDSAT_TM&ordered=LT51760362000036AAA02,TMR_L0RP,WGS84,GLS2000,WGS84,PREDICTIVE,,,52,107,3.979,2.492,3.102,.13,30,30,UTM,NA,NORTH_UP,GEOTIFF,Y,7171,7831,CUBIC_CONVOLUTION,7171,7831,,36,,LPGS_12.5.0,L5CPF20000101_20000331.10,7,,2014-10-23 09:17:33
Y,http://earthexplorer.usgs.gov/browse/tm/176/36/2000/LT51760362000004XXX02_REFL.jpg,LT51760362000004XXX02,LANDSAT_TM,2000-01-04,2014-10-23,176,36,35.57324,32.19233,35.28135,34.198,33.99082,31.7638,33.70429,33.73311,34.64164,32.97194,5,60,40,80,40,80,DAY,26.48862473,150.41703805,2000:004:07:57:30.96725,2000:004:07:57:58.06769,LANDSAT_5,L1G,http://earthexplorer.usgs.gov/order/process?dataset_name=LANDSAT_TM&ordered=LT51760362000004XXX02,TMR_L0RP,WGS84,,WGS84,PREDICTIVE,,,,,,,,,30,30,UTM,NA,NORTH_UP,GEOTIFF,Y,7171,7871,CUBIC_CONVOLUTION,7171,7871,,36,,LPGS_12.5.0,L5CPF20000101_20000331.10,9,,2014-10-23 09:18:22
Y,http://earthexplorer.usgs.gov/browse/tm/176/36/1999/LT51760361999225AAA02_REFL.jpg,LT51760361999225AAA02,LANDSAT_TM,1999-08-13,2014-10-23,176,36,35.56991,32.23043,35.27803,34.23602,33.98748,31.80192,33.70096,33.77116,34.63831,33.01001,0,0,0,0,0,0,DAY,57.87711131,121.12988377,1999:225:08:00:03.69050,1999:225:08:00:30.78388,LANDSAT_5,L1T,http://earthexplorer.usgs.gov/order/process?dataset_name=LANDSAT_TM&ordered=LT51760361999225AAA02,TMR_L0RP,WGS84,GLS2000,WGS84,DEFINITIVE,,,182,642,4.418,3.313,2.923,.159,30,30,UTM,NA,NORTH_UP,GEOTIFF,Y,7171,7871,CUBIC_CONVOLUTION,7171,7871,,36,,LPGS_12.5.0,L5CPF19990701_19990930.10,9,,2014-10-23 09:17:35
Y,http://earthexplorer.usgs.gov/browse/tm/176/36/1999/LT51760361999081XXX01_REFL.jpg,LT51760361999081XXX01,LANDSAT_TM,1999-03-22,2014-10-23,176,36,35.55306,32.28868,35.26124,34.29387,33.97062,31.86029,33.68415,33.82916,34.62148,33.06813,4,50,30,0,20,20,DAY,46.85288053,136.13159958,1999:081:08:01:20.58769,1999:081:08:01:47.67281,LANDSAT_5,L1T,http://earthexplorer.usgs.gov/order/process?dataset_name=LANDSAT_TM&ordered=LT51760361999081XXX01,TMR_L0RP,WGS84,GLS2000,WGS84,DEFINITIVE,,,91,312,3.993,2.925,2.718,.141,30,30,UTM,NA,NORTH_UP,GEOTIFF,Y,7161,7851,CUBIC_CONVOLUTION,7161,7851,,36,,LPGS_12.5.0,L5CPF19990101_19990331.10,9,,2014-10-23 09:13:08
Y,http://earthexplorer.usgs.gov/browse/tm/176/36/1999/LT51760361999033XXX02_REFL.jpg,LT51760361999033XXX02,LANDSAT_TM,1999-02-02,2014-08-31,176,36,35.55555,32.30019,35.26372,34.30544,33.97311,31.87179,33.68664,33.84071,34.62397,33.07966,0,0,0,0,0,0,DAY,31.16284862,146.1386833,1999:033:08:01:32.33800,1999:033:08:01:59.42106,LANDSAT_5,L1T,http://earthexplorer.usgs.gov/order/process?dataset_name=LANDSAT_TM&ordered=LT51760361999033XXX02,TMR_L0RP,WGS84,GLS2000,WGS84,DEFINITIVE,,,243,853,3.028,1.829,2.413,.065,30,30,UTM,NA,NORTH_UP,GEOTIFF,Y,7161,7821,CUBIC_CONVOLUTION,7161,7821,,36,,LPGS_12.4.1,L5CPF19990101_19990331.09,9,,2014-08-31 12:44:56
Y,http://earthexplorer.usgs.gov/browse/tm/176/36/1999/LT51760361999017XXX02_REFL.jpg,LT51760361999017XXX02,LANDSAT_TM,1999-01-17,2014-10-23,176,36,35.54365,32.3373,35.25186,34.34227,33.9612,31.90899,33.67477,33.87765,34.61208,33.11668,3,40,30,70,10,50,DAY,28.10945934,149.09735965,1999:017:08:01:25.76525,1999:017:08:01:52.84700,LANDSAT_5,L1T,http://earthexplorer.usgs.gov/order/process?dataset_name=LANDSAT_TM&ordered=LT51760361999017XXX02,TMR_L0RP,WGS84,GLS2000,WGS84,DEFINITIVE,,,51,121,4.706,2.527,3.97,.126,30,30,UTM,NA,NORTH_UP,GEOTIFF,Y,7161,7841,CUBIC_CONVOLUTION,7161,7841,,36,,LPGS_12.5.0,L5CPF19990101_19990331.10,9,,2014-10-23 09:30:29
Y,http://earthexplorer.usgs.gov/browse/tm/176/36/1998/LT51760361998302XXX01_REFL.jpg,LT51760361998302XXX01,LANDSAT_TM,1998-10-29,2014-10-23,176,36,35.54356,32.35611,35.25177,34.36107,33.96111,31.9278,33.67468,33.89645,34.61199,33.13549,0,10,0,10,0,10,DAY,37.4366497,152.08714859,1998:302:08:01:19.42469,1998:302:08:01:46.50038,LANDSAT_5,L1T,http://earthexplorer.usgs.gov/order/process?dataset_name=LANDSAT_TM&ordered=LT51760361998302XXX01,TMR_L0RP,WGS84,GLS2000,WGS84,DEFINITIVE,,,175,431,3.562,2.39,2.641,.088,30,30,UTM,NA,NORTH_UP,GEOTIFF,Y,7161,7821,CUBIC_CONVOLUTION,7161,7821,,36,,LPGS_12.5.0,L5CPF19981001_19981101.10,9,,2014-10-23 09:13:51
Y,http://earthexplorer.usgs.gov/browse/tm/176/36/1998/LT51760361998286AAA01_REFL.jpg,LT51760361998286AAA01,LANDSAT_TM,1998-10-13,2014-10-23,176,36,35.53954,32.35476,35.24777,34.35962,33.95709,31.92647,33.67067,33.89504,34.60798,33.1341,1,20,30,30,10,10,DAY,42.33536559,148.23589018,1998:286:08:01:15.92875,1998:286:08:01:43.00331,LANDSAT_5,L1T,http://earthexplorer.usgs.gov/order/process?dataset_name=LANDSAT_TM&ordered=LT51760361998286AAA01,TMR_L0RP,WGS84,GLS2000,WGS84,DEFINITIVE,,,167,532,4.262,2.75,3.256,.129,30,30,UTM,NA,NORTH_UP,GEOTIFF,Y,7151,7831,CUBIC_CONVOLUTION,7151,7831,,36,,LPGS_12.5.0,L5CPF19981001_19981101.10,9,,2014-10-23 09:17:10
Y,http://earthexplorer.usgs.gov/browse/tm/176/36/1998/LT51760361998254XXX02_REFL.jpg,LT51760361998254XXX02,LANDSAT_TM,1998-09-11,2014-10-23,176,36,35.54646,32.33789,35.25466,34.34292,33.96402,31.90955,33.67757,33.87828,34.61489,33.11729,0,0,0,0,0,0,DAY,51.65825864,135.7223801,1998:254:08:01:09.56088,1998:254:08:01:36.63344,LANDSAT_5,L1T,http://earthexplorer.usgs.gov/order/process?dataset_name=LANDSAT_TM&ordered=LT51760361998254XXX02,TMR_L0RP,WGS84,GLS2000,WGS84,DEFINITIVE,,,202,731,4.072,2.856,2.902,.137,30,30,UTM,NA,NORTH_UP,GEOTIFF,Y,7161,7861,CUBIC_CONVOLUTION,7161,7861,,36,,LPGS_12.5.0,L5CPF19980701_19980930.10,9,,2014-10-23 09:16:10
Y,http://earthexplorer.usgs.gov/browse/tm/176/36/1998/LT51760361998238XXX01_REFL.jpg,LT51760361998238XXX01,LANDSAT_TM,1998-08-26,2014-10-23,176,36,35.54384,32.33692,35.25205,34.34189,33.96139,31.9086,33.67496,33.87727,34.61227,33.1163,1,20,0,0,20,0,DAY,55.45067241,127.89335017,1998:238:08:01:02.54363,1998:238:08:01:29.61494,LANDSAT_5,L1T,http://earthexplorer.usgs.gov/order/process?dataset_name=LANDSAT_TM&ordered=LT51760361998238XXX01,TMR_L0RP,WGS84,GLS2000,WGS84,DEFINITIVE,,,150,501,4.491,3.398,2.937,.192,30,30,UTM,NA,NORTH_UP,GEOTIFF,Y,7161,7871,CUBIC_CONVOLUTION,7161,7871,,36,,LPGS_12.5.0,L5CPF19980701_19980930.10,7,,2014-10-23 09:19:12
Y,http://earthexplorer.usgs.gov/browse/tm/176/36/1998/LT51760361998158AAA01_REFL.jpg,LT51760361998158AAA01,LANDSAT_TM,1998-06-07,2014-10-23,176,36,35.54644,32.33865,35.25464,34.34368,33.964,31.91032,33.67755,33.87903,34.61487,33.11805,0,0,0,0,0,0,DAY,64.01580464,110.12582175,1998:158:08:00:14.39150,1998:158:08:00:41.45844,LANDSAT_5,L1T,http://earthexplorer.usgs.gov/order/process?dataset_name=LANDSAT_TM&ordered=LT51760361998158AAA01,TMR_L0RP,WGS84,GLS2000,WGS84,DEFINITIVE,,,178,636,4.409,3.285,2.941,.187,30,30,UTM,NA,NORTH_UP,GEOTIFF,Y,7151,7841,CUBIC_CONVOLUTION,7151,7841,,36,,LPGS_12.5.0,L5CPF19980401_19980630.10,9,,2014-10-23 09:16:15
Y,http://earthexplorer.usgs.gov/browse/tm/176/36/1998/LT51760361998110AAA01_REFL.jpg,LT51760361998110AAA01,LANDSAT_TM,1998-04-20,2014-10-23,176,36,35.54197,32.37778,35.25019,34.3827,33.95953,31.94947,33.6731,33.91809,34.61041,33.15714,0,0,0,0,0,0,DAY,56.45177613,127.09244427,1998:110:07:59:29.13038,1998:110:07:59:56.19425,LANDSAT_5,L1T,http://earthexplorer.usgs.gov/order/process?dataset_name=LANDSAT_TM&ordered=LT51760361998110AAA01,TMR_L0RP,WGS84,GLS2000,WGS84,DEFINITIVE,,,198,763,4.274,2.943,3.1,.165,30,30,UTM,NA,NORTH_UP,GEOTIFF,Y,7151,7861,CUBIC_CONVOLUTION,7151,7861,,36,,LPGS_12.5.0,L5CPF19980401_19980630.10,9,,2014-10-23 09:23:01
Y,http://earthexplorer.usgs.gov/browse/tm/176/36/1990/LT41760361990224XXX03_REFL.jpg,LT41760361990224XXX03,LANDSAT_TM,1990-08-12,2014-07-06,176,36,35.55928,32.25901,35.26744,34.26435,33.97685,31.83058,33.69036,33.79959,34.6277,33.03851,0,0,0,0,0,0,DAY,56.4404885,118.09838217,1990:224:07:51:11.39700,1990:224:07:51:38.00738,LANDSAT_4,L1T,http://earthexplorer.usgs.gov/order/process?dataset_name=LANDSAT_TM&ordered=LT41760361990224XXX03,TMR_L0RP,WGS84,GLS2000,WGS84,DEFINITIVE,,,252,550,4.934,3.787,3.162,.211,30,30,UTM,NA,NORTH_UP,GEOTIFF,Y,7051,7841,CUBIC_CONVOLUTION,7051,7841,,36,,LPGS_12.4.1,L4CPF19900701_19900930.08,9,,2014-07-07 04:20:27
Y,http://earthexplorer.usgs.gov/browse/tm/176/36/1990/LT51760361990216XXX03_REFL.jpg,LT51760361990216XXX03,LANDSAT_TM,1990-08-04,2014-07-06,176,36,35.55225,32.2833,35.26043,34.28846,33.96981,31.85492,33.68334,33.82377,34.62067,33.06274,0,0,0,0,0,0,DAY,56.05264103,112.26835103,1990:216:07:42:26.71431,1990:216:07:42:53.53119,LANDSAT_5,L1T,http://earthexplorer.usgs.gov/order/process?dataset_name=LANDSAT_TM&ordered=LT51760361990216XXX03,TMR_L0RP,WGS84,GLS2000,WGS84,DEFINITIVE,,,158,598,5.391,4.153,3.437,.213,30,30,UTM,NA,NORTH_UP,GEOTIFF,Y,7111,7831,CUBIC_CONVOLUTION,7111,7831,,36,,LPGS_12.4.1,L5CPF19900701_19900930.09,9,,2014-07-07 04:19:06
Y,http://earthexplorer.usgs.gov/browse/tm/176/36/1990/LT41760361990128XXX03_REFL.jpg,LT41760361990128XXX03,LANDSAT_TM,1990-05-08,2014-07-06,176,36,35.5628,32.25701,35.27095,34.26243,33.98037,31.82856,33.69387,33.79764,34.63121,33.03654,1,20,50,10,30,0,DAY,59.70324323,118.38292207,1990:128:07:53:15.79225,1990:128:07:53:42.40256,LANDSAT_4,L1T,http://earthexplorer.usgs.gov/order/process?dataset_name=LANDSAT_TM&ordered=LT41760361990128XXX03,TMR_L0RP,WGS84,GLS2000,WGS84,DEFINITIVE,,,216,404,4.451,3.212,3.081,.203,30,30,UTM,NA,NORTH_UP,GEOTIFF,Y,7051,7831,CUBIC_CONVOLUTION,7051,7831,,36,,LPGS_12.4.1,L4CPF19900401_19900630.08,9,,2014-07-07 04:22:49
Y,http://earthexplorer.usgs.gov/browse/tm/176/36/1989/LT41760361989365XXX02_REFL.jpg,LT41760361989365XXX02,LANDSAT_TM,1989-12-31,2014-07-06,176,36,35.55845,32.27721,35.26662,34.28252,33.97602,31.84878,33.68954,33.81777,34.62687,33.0567,2,30,20,10,10,10,DAY,26.14019801,150.41915806,1989:365:07:55:10.96381,1989:365:07:55:37.57363,LANDSAT_4,L1T,http://earthexplorer.usgs.gov/order/process?dataset_name=LANDSAT_TM&ordered=LT41760361989365XXX02,TMR_L0RP,WGS84,GLS2000,WGS84,DEFINITIVE,,,214,367,3.974,2.657,2.955,.127,30,30,UTM,NA,NORTH_UP,GEOTIFF,Y,7051,7841,CUBIC_CONVOLUTION,7051,7841,,36,,LPGS_12.4.1,L4CPF19891001_19891231.08,9,,2014-07-07 04:21:38
Y,http://earthexplorer.usgs.gov/browse/tm/176/36/1989/LT41760361989349XXX02_REFL.jpg,LT41760361989349XXX02,LANDSAT_TM,1989-12-15,2014-07-06,176,36,35.56024,32.25877,35.26839,34.26413,33.9778,31.83034,33.69131,33.79936,34.62865,33.03828,0,0,0,0,0,0,DAY,26.77517005,152.38440856,1989:349:07:55:24.92819,1989:349:07:55:51.53806,LANDSAT_4,L1T,http://earthexplorer.usgs.gov/order/process?dataset_name=LANDSAT_TM&ordered=LT41760361989349XXX02,TMR_L0RP,WGS84,GLS2000,WGS84,DEFINITIVE,,,375,678,4.097,2.636,3.137,.118,30,30,UTM,NA,NORTH_UP,GEOTIFF,Y,7061,7841,CUBIC_CONVOLUTION,7061,7841,,36,,LPGS_12.4.1,L4CPF19891001_19891231.08,9,,2014-07-07 04:22:11
Y,http://earthexplorer.usgs.gov/browse/tm/176/36/1989/LT41760361989221XXX02_REFL.jpg,LT41760361989221XXX02,LANDSAT_TM,1989-08-09,2014-07-06,176,36,35.55655,32.28369,35.26472,34.28896,33.97411,31.85528,33.68764,33.82423,34.62497,33.06317,0,0,0,0,0,0,DAY,57.76079718,118.2412251,1989:221:07:55:57.07706,1989:221:07:56:23.68663,LANDSAT_4,L1T,http://earthexplorer.usgs.gov/order/process?dataset_name=LANDSAT_TM&ordered=LT41760361989221XXX02,TMR_L0RP,WGS84,GLS2000,WGS84,DEFINITIVE,,,256,565,5.137,3.861,3.388,.198,30,30,UTM,NA,NORTH_UP,GEOTIFF,Y,7061,7831,CUBIC_CONVOLUTION,7061,7831,,36,,LPGS_12.4.1,L4CPF19890701_19890930.08,9,,2014-07-07 04:15:28
Y,http://earthexplorer.usgs.gov/browse/tm/176/36/1988/LT41760361988331AAA03_REFL.jpg,LT41760361988331AAA03,LANDSAT_TM,1988-11-26,2014-07-06,176,36,35.54909,32.30918,35.25729,34.31427,33.96665,31.88083,33.6802,33.8496,34.61752,33.0886,0,0,0,0,0,0,DAY,29.46305792,152.89281019,1988:331:07:54:11.29094,1988:331:07:54:37.89819,LANDSAT_4,L1T,http://earthexplorer.usgs.gov/order/process?dataset_name=LANDSAT_TM&ordered=LT41760361988331AAA03,TMR_L0RP,WGS84,GLS2000,WGS84,DEFINITIVE,,,362,727,4.019,2.665,3.008,.098,30,30,UTM,NA,NORTH_UP,GEOTIFF,Y,7061,7821,CUBIC_CONVOLUTION,7061,7821,,36,,LPGS_12.4.1,L4CPF19881001_19881231.08,7,,2014-07-07 04:12:39
Y,http://earthexplorer.usgs.gov/browse/tm/176/36/1988/LT41760361988299AAA03_REFL.jpg,LT41760361988299AAA03,LANDSAT_TM,1988-10-25,2014-07-06,176,36,35.54035,32.35989,35.24858,34.36477,33.9579,31.9316,33.67148,33.90018,34.60879,33.13924,0,0,0,0,0,0,DAY,37.71236576,149.16651785,1988:299:07:53:28.08438,1988:299:07:53:54.69144,LANDSAT_4,L1T,http://earthexplorer.usgs.gov/order/process?dataset_name=LANDSAT_TM&ordered=LT41760361988299AAA03,TMR_L0RP,WGS84,GLS2000,WGS84,DEFINITIVE,,,344,692,4.287,2.754,3.286,.105,30,30,UTM,NA,NORTH_UP,GEOTIFF,Y,7051,7821,CUBIC_CONVOLUTION,7051,7821,,36,,LPGS_12.4.1,L4CPF19881001_19881231.08,9,,2014-07-07 04:12:03
Y,http://earthexplorer.usgs.gov/browse/tm/176/36/1988/LT41760361988011XXX03_REFL.jpg,LT41760361988011XXX03,LANDSAT_TM,1988-01-11,2014-07-07,176,36,35.53436,32.3898,35.24261,34.39454,33.95191,31.96155,33.66551,33.93,34.60281,33.1691,5,60,90,50,40,40,DAY,25.68032744,146.61436801,1988:011:07:45:48.52025,1988:011:07:46:15.12594,LANDSAT_4,L1G,http://earthexplorer.usgs.gov/order/process?dataset_name=LANDSAT_TM&ordered=LT41760361988011XXX03,TMR_L0RP,WGS84,,WGS84,DEFINITIVE,,,,,,,,,30,30,UTM,NA,NORTH_UP,GEOTIFF,Y,7051,7831,CUBIC_CONVOLUTION,7051,7831,,36,,LPGS_12.4.1,L4CPF19880101_19880331.08,7,,2014-07-07 06:44:41
Y,http://earthexplorer.usgs.gov/browse/tm/176/36/1987/LT41760361987344XXX01_REFL.jpg,LT41760361987344XXX01,LANDSAT_TM,1987-12-10,2015-01-05,176,36,35.52888,32.4273,35.23714,34.43191,33.94642,31.99909,33.66004,33.96742,34.59733,33.20656,5,60,50,80,50,70,DAY,26.30916864,150.24864039,1987:344:07:44:28.68825,1987:344:07:44:55.29375,LANDSAT_4,L1T,http://earthexplorer.usgs.gov/order/process?dataset_name=LANDSAT_TM&ordered=LT41760361987344XXX01,TMR_L0RP,WGS84,GLS2000,WGS84,PREDICTIVE,,,130,326,4.195,2.571,3.315,.104,30,30,UTM,NA,NORTH_UP,GEOTIFF,Y,7061,7821,CUBIC_CONVOLUTION,7061,7821,,36,,LPGS_12.5.0,L4CPF19871001_19871231.09,9,,2015-01-05 13:03:08
Y,http://earthexplorer.usgs.gov/browse/tm/176/36/1987/LT51760361987288XXX03_REFL.jpg,LT51760361987288XXX03,LANDSAT_TM,1987-10-15,2015-01-05,176,36,35.5388,32.37596,35.24703,34.38081,33.95635,31.94768,33.66993,33.91623,34.60724,33.1553,0,0,0,0,0,0,DAY,40.5492274,145.38470414,1987:288:07:49:54.14100,1987:288:07:50:20.84581,LANDSAT_5,L1T,http://earthexplorer.usgs.gov/order/process?dataset_name=LANDSAT_TM&ordered=LT51760361987288XXX03,TMR_L0RP,WGS84,GLS2000,WGS84,DEFINITIVE,,,182,682,4.203,2.734,3.192,.127,30,30,UTM,NA,NORTH_UP,GEOTIFF,Y,7081,7851,CUBIC_CONVOLUTION,7081,7851,,36,,LPGS_12.5.0,L5CPF19871001_19871231.10,9,,2015-01-05 13:06:47
Y,http://earthexplorer.usgs.gov/browse/tm/176/36/1987/LT51760361987272AAA02_REFL.jpg,LT51760361987272AAA02,LANDSAT_TM,1987-09-29,2015-01-05,176,36,35.54291,32.36998,35.25112,34.37492,33.96046,31.94167,33.67403,33.91031,34.61134,33.14935,0,0,0,0,0,0,DAY,45.22671725,139.75171946,1987:272:07:49:36.02113,1987:272:07:50:02.72300,LANDSAT_5,L1T,http://earthexplorer.usgs.gov/order/process?dataset_name=LANDSAT_TM&ordered=LT51760361987272AAA02,TMR_L0RP,WGS84,GLS2000,WGS84,DEFINITIVE,,,190,670,4.321,2.899,3.204,.135,30,30,UTM,NA,NORTH_UP,GEOTIFF,Y,7081,7831,CUBIC_CONVOLUTION,7081,7831,,36,,LPGS_12.5.0,L5CPF19870701_19870930.10,7,,2015-01-05 13:07:43
Y,http://earthexplorer.usgs.gov/browse/tm/176/36/1987/LT51760361987256XXX02_REFL.jpg,LT51760361987256XXX02,LANDSAT_TM,1987-09-13,2015-01-05,176,36,35.53805,32.36889,35.24628,34.37372,33.9556,31.94061,33.66918,33.90915,34.60649,33.14822,0,0,0,0,0,0,DAY,49.48192377,132.72772086,1987:256:07:49:14.97319,1987:256:07:49:41.67256,LANDSAT_5,L1T,http://earthexplorer.usgs.gov/order/process?dataset_name=LANDSAT_TM&ordered=LT51760361987256XXX02,TMR_L0RP,WGS84,GLS2000,WGS84,PREDICTIVE,,,175,647,4.418,3.056,3.19,.157,30,30,UTM,NA,NORTH_UP,GEOTIFF,Y,7071,7821,CUBIC_CONVOLUTION,7071,7821,,36,,LPGS_12.5.0,L5CPF19870701_19870930.10,9,,2015-01-05 13:06:47
Y,http://earthexplorer.usgs.gov/browse/tm/176/36/1987/LT51760361987240XXX02_REFL.jpg,LT51760361987240XXX02,LANDSAT_TM,1987-08-28,2015-01-05,176,36,35.53983,32.37671,35.24806,34.38159,33.95738,31.94843,33.67096,33.917,34.60827,33.15606,0,0,0,0,0,0,DAY,53.08582842,124.91009315,1987:240:07:48:50.94775,1987:240:07:49:17.64513,LANDSAT_5,L1T,http://earthexplorer.usgs.gov/order/process?dataset_name=LANDSAT_TM&ordered=LT51760361987240XXX02,TMR_L0RP,WGS84,GLS2000,WGS84,PREDICTIVE,,,169,634,4.626,3.333,3.208,.169,30,30,UTM,NA,NORTH_UP,GEOTIFF,Y,7071,7811,CUBIC_CONVOLUTION,7071,7811,,36,,LPGS_12.5.0,L5CPF19870701_19870930.10,9,,2015-01-05 13:09:42
Y,http://earthexplorer.usgs.gov/browse/tm/176/36/1987/LT51760361987224XXX02_REFL.jpg,LT51760361987224XXX02,LANDSAT_TM,1987-08-12,2015-01-05,176,36,35.53244,32.38812,35.2407,34.39282,33.94999,31.95989,33.66359,33.9283,34.60089,33.16741,0,0,0,0,0,0,DAY,55.97700819,117.17675022,1987:224:07:48:24.17813,1987:224:07:48:50.87288,LANDSAT_5,L1T,http://earthexplorer.usgs.gov/order/process?dataset_name=LANDSAT_TM&ordered=LT51760361987224XXX02,TMR_L0RP,WGS84,GLS2000,WGS84,DEFINITIVE,,,152,605,5.042,3.829,3.281,.2,30,30,UTM,NA,NORTH_UP,GEOTIFF,Y,7081,7821,CUBIC_CONVOLUTION,7081,7821,,36,,LPGS_12.5.0,L5CPF19870701_19870930.10,9,,2015-01-05 13:12:14
Y,http://earthexplorer.usgs.gov/browse/tm/176/36/1987/LT51760361987208AAA02_REFL.jpg,LT51760361987208AAA02,LANDSAT_TM,1987-07-27,2015-01-05,176,36,35.53553,32.41001,35.24377,34.41478,33.95308,31.98175,33.66667,33.95023,34.60397,33.18932,0,0,0,0,0,0,DAY,58.21946449,110.56122624,1987:208:07:47:54.44113,1987:208:07:48:21.13294,LANDSAT_5,L1T,http://earthexplorer.usgs.gov/order/process?dataset_name=LANDSAT_TM&ordered=LT51760361987208AAA02,TMR_L0RP,WGS84,GLS2000,WGS84,DEFINITIVE,,,158,584,5.480,4.346,3.338,.22,30,30,UTM,NA,NORTH_UP,GEOTIFF,Y,7081,7831,CUBIC_CONVOLUTION,7081,7831,,36,,LPGS_12.5.0,L5CPF19870701_19870930.10,7,,2015-01-05 13:12:08
Y,http://earthexplorer.usgs.gov/browse/tm/176/36/1987/LT51760361987192AAA02_REFL.jpg,LT51760361987192AAA02,LANDSAT_TM,1987-07-11,2015-01-05,176,36,35.53752,32.39641,35.24575,34.40123,33.95507,31.96814,33.66866,33.93666,34.60596,33.17574,0,0,0,0,0,0,DAY,59.93312121,106.1081711,1987:192:07:47:32.18469,1987:192:07:47:58.87400,LANDSAT_5,L1T,http://earthexplorer.usgs.gov/order/process?dataset_name=LANDSAT_TM&ordered=LT51760361987192AAA02,TMR_L0RP,WGS84,GLS2000,WGS84,PREDICTIVE,,,148,553,5.506,4.393,3.319,.234,30,30,UTM,NA,NORTH_UP,GEOTIFF,Y,7071,7851,CUBIC_CONVOLUTION,7071,7851,,36,,LPGS_12.5.0,L5CPF19870701_19870930.10,9,,2015-01-05 13:10:38
Y,http://earthexplorer.usgs.gov/browse/tm/176/36/1987/LT51760361987176XXX03_REFL.jpg,LT51760361987176XXX03,LANDSAT_TM,1987-06-25,2015-01-05,176,36,35.53885,32.36653,35.24708,34.37138,33.9564,31.93825,33.66998,33.9068,34.60729,33.14587,0,0,0,0,0,0,DAY,61.0809641,104.56600611,1987:176:07:47:13.40956,1987:176:07:47:40.09669,LANDSAT_5,L1T,http://earthexplorer.usgs.gov/order/process?dataset_name=LANDSAT_TM&ordered=LT51760361987176XXX03,TMR_L0RP,WGS84,GLS2000,WGS84,DEFINITIVE,,,135,527,5.455,4.554,3.003,.255,30,30,UTM,NA,NORTH_UP,GEOTIFF,Y,7081,7851,CUBIC_CONVOLUTION,7081,7851,,36,,LPGS_12.5.0,L5CPF19870519_19870630.10,9,,2015-01-05 13:16:25
Y,http://earthexplorer.usgs.gov/browse/tm/176/36/1987/LT51760361987160XXX03_REFL.jpg,LT51760361987160XXX03,LANDSAT_TM,1987-06-09,2015-01-05,176,36,35.54756,32.34488,35.25576,34.34994,33.96512,31.91654,33.67867,33.88528,34.61599,33.12429,0,0,0,0,0,0,DAY,61.4276146,106.20597811,1987:160:07:46:52.50500,1987:160:07:47:19.18956,LANDSAT_5,L1T,http://earthexplorer.usgs.gov/order/process?dataset_name=LANDSAT_TM&ordered=LT51760361987160XXX03,TMR_L0RP,WGS84,GLS2000,WGS84,PREDICTIVE,,,151,594,5.175,3.873,3.432,.233,30,30,UTM,NA,NORTH_UP,GEOTIFF,Y,7071,7851,CUBIC_CONVOLUTION,7071,7851,,36,,LPGS_12.5.0,L5CPF19870519_19870630.10,9,,2015-01-05 13:19:06
Y,http://earthexplorer.usgs.gov/browse/tm/176/36/1987/LT51760361987144XXX02_REFL.jpg,LT51760361987144XXX02,LANDSAT_TM,1987-05-24,2015-01-05,176,36,35.54945,32.3295,35.25765,34.3346,33.96701,31.90114,33.68056,33.86993,34.61788,33.10892,0,10,20,10,0,10,DAY,60.61341566,110.54724562,1987:144:07:46:29.58056,1987:144:07:46:56.26288,LANDSAT_5,L1T,http://earthexplorer.usgs.gov/order/process?dataset_name=LANDSAT_TM&ordered=LT51760361987144XXX02,TMR_L0RP,WGS84,GLS2000,WGS84,DEFINITIVE,,,83,308,4.728,3.351,3.336,.222,30,30,UTM,NA,NORTH_UP,GEOTIFF,Y,7081,7831,CUBIC_CONVOLUTION,7081,7831,,36,,LPGS_12.5.0,L5CPF19870519_19870630.10,9,,2015-01-05 13:19:24
Y,http://earthexplorer.usgs.gov/browse/tm/176/36/1987/LT51760361987128XXX02_REFL.jpg,LT51760361987128XXX02,LANDSAT_TM,1987-05-08,2015-01-05,176,36,35.54579,32.32109,35.254,34.3261,33.96334,31.89276,33.6769,33.86146,34.61422,33.10048,7,80,90,70,90,70,DAY,58.33463268,116.33298572,1987:128:07:46:04.16894,1987:128:07:46:30.84931,LANDSAT_5,L1G,http://earthexplorer.usgs.gov/order/process?dataset_name=LANDSAT_TM&ordered=LT51760361987128XXX02,TMR_L0RP,WGS84,,WGS84,PREDICTIVE,,,,,,,,,30,30,UTM,NA,NORTH_UP,GEOTIFF,Y,7071,7811,CUBIC_CONVOLUTION,7071,7811,,36,,LPGS_12.5.0,L5CPF19870401_19870518.10,9,,2015-01-05 13:21:37
Y,http://earthexplorer.usgs.gov/browse/tm/176/36/1987/LT51760361987112AAA02_REFL.jpg,LT51760361987112AAA02,LANDSAT_TM,1987-04-22,2015-01-05,176,36,35.54803,32.32255,35.25623,34.32762,33.96559,31.8942,33.67914,33.86296,34.61646,33.10196,0,0,0,0,0,0,DAY,54.56685687,122.17814343,1987:112:07:45:36.10356,1987:112:07:46:02.78219,LANDSAT_5,L1T,http://earthexplorer.usgs.gov/order/process?dataset_name=LANDSAT_TM&ordered=LT51760361987112AAA02,TMR_L0RP,WGS84,GLS2000,WGS84,DEFINITIVE,,,173,749,4.898,3.37,3.554,.206,30,30,UTM,NA,NORTH_UP,GEOTIFF,Y,7081,7821,CUBIC_CONVOLUTION,7081,7821,,36,,LPGS_12.5.0,L5CPF19870401_19870518.10,9,,2015-01-05 13:21:10
Y,http://earthexplorer.usgs.gov/browse/tm/176/36/1987/LT51760361987096XXX03_REFL.jpg,LT51760361987096XXX03,LANDSAT_TM,1987-04-06,2015-01-05,176,36,35.54828,32.33127,35.25648,34.33634,33.96584,31.90292,33.67939,33.87168,34.61671,33.11068,0,0,0,0,0,0,DAY,49.60717633,127.29562157,1987:096:07:45:05.23288,1987:096:07:45:31.90950,LANDSAT_5,L1T,http://earthexplorer.usgs.gov/order/process?dataset_name=LANDSAT_TM&ordered=LT51760361987096XXX03,TMR_L0RP,WGS84,GLS2000,WGS84,PREDICTIVE,,,192,757,4.436,3.322,2.94,.165,30,30,UTM,NA,NORTH_UP,GEOTIFF,Y,7081,7831,CUBIC_CONVOLUTION,7081,7831,,36,,LPGS_12.5.0,L5CPF19870401_19870518.10,9,,2015-01-05 13:23:54
Y,http://earthexplorer.usgs.gov/browse/tm/176/36/1987/LT51760361987032XXX01_REFL.jpg,LT51760361987032XXX01,LANDSAT_TM,1987-02-01,2014-09-02,176,36,35.53112,32.39653,35.23938,34.4012,33.94867,31.96831,33.66227,33.93669,34.59957,33.17581,0,0,0,0,0,0,DAY,28.62496587,141.86852212,1987:032:07:42:40.99244,1987:032:07:43:07.66375,LANDSAT_5,L1T,http://earthexplorer.usgs.gov/order/process?dataset_name=LANDSAT_TM&ordered=LT51760361987032XXX01,TMR_L0RP,WGS84,GLS2000,WGS84,PREDICTIVE,,,210,756,3.774,2.243,3.035,.095,30,30,UTM,NA,NORTH_UP,GEOTIFF,Y,7071,7831,CUBIC_CONVOLUTION,7071,7831,,36,,LPGS_12.4.1,L5CPF19870101_19870331.09,9,,2014-09-02 06:50:28
Y,http://earthexplorer.usgs.gov/browse/tm/176/36/1986/LT51760361986349XXX02_REFL.jpg,LT51760361986349XXX02,LANDSAT_TM,1986-12-15,2015-01-05,176,36,35.55328,32.30877,35.26146,34.31396,33.97084,31.88038,33.68437,33.84925,34.62012,33.08818,3,40,30,20,10,30,DAY,25.37384256,149.14279665,1986:349:07:41:14.03613,1986:349:07:41:40.70250,LANDSAT_5,L1T,http://earthexplorer.usgs.gov/order/process?dataset_name=LANDSAT_TM&ordered=LT51760361986349XXX02,TMR_L0RP,WGS84,GLS2000,WGS84,DEFINITIVE,,,128,494,4.482,3.089,3.247,.133,30,30,UTM,NA,NORTH_UP,GEOTIFF,Y,7081,7821,CUBIC_CONVOLUTION,7081,7821,,36,,LPGS_12.5.0,L5CPF19861120_19861231.10,9,,2015-01-05 13:31:16
Y,http://earthexplorer.usgs.gov/browse/tm/176/36/1986/LT51760361986333XXX01_REFL.jpg,LT51760361986333XXX01,LANDSAT_TM,1986-11-29,2015-01-05,176,36,35.55654,32.27151,35.26471,34.27678,33.9741,31.8431,33.68763,33.81205,34.62496,33.05099,1,20,20,30,30,10,DAY,27.65153689,149.68059195,1986:333:07:40:46.13119,1986:333:07:41:12.79581,LANDSAT_5,L1T,http://earthexplorer.usgs.gov/order/process?dataset_name=LANDSAT_TM&ordered=LT51760361986333XXX01,TMR_L0RP,WGS84,GLS2000,WGS84,PREDICTIVE,,,171,655,3.854,2.42,2.999,.115,30,30,UTM,NA,NORTH_UP,GEOTIFF,Y,7071,7821,CUBIC_CONVOLUTION,7071,7821,,36,,LPGS_12.5.0,L5CPF19861120_19861231.10,9,,2015-01-05 13:33:33
Y,http://earthexplorer.usgs.gov/browse/tm/176/36/1986/LT51760361986317XXX03_REFL.jpg,LT51760361986317XXX03,LANDSAT_TM,1986-11-13,2014-10-16,176,36,35.57359,32.21705,35.2817,34.22273,33.99117,31.78851,33.70463,33.75784,34.64199,32.99666,0,0,0,0,0,0,DAY,31.24896692,148.86971627,1986:317:07:40:58.53475,1986:317:07:41:25.19850,LANDSAT_5,L1T,http://earthexplorer.usgs.gov/order/process?dataset_name=LANDSAT_TM&ordered=LT51760361986317XXX03,TMR_L0RP,WGS84,GLS2000,WGS84,DEFINITIVE,,,202,715,3.807,2.395,2.959,.096,30,30,UTM,NA,NORTH_UP,GEOTIFF,Y,7061,7831,CUBIC_CONVOLUTION,7061,7831,,36,,LPGS_12.5.0,L5CPF19861001_19861119.10,9,,2014-10-16 12:02:37
Y,http://earthexplorer.usgs.gov/browse/tm/176/36/1985/LT51760361985170AAA03_REFL.jpg,LT51760361985170AAA03,LANDSAT_TM,1985-06-19,2015-12-02,176,36,35.54939,32.29596,35.25759,34.30106,33.96695,31.8676,33.6805,33.83639,34.61782,33.07538,0,10,20,0,0,0,DAY,62,106,1985:170:07:52:31.36201,1985:170:07:52:57.98409,LANDSAT_5,L1T,http://earthexplorer.usgs.gov/order/process?dataset_name=LANDSAT_TM&ordered=LT51760361985170AAA03,TMA_L0RP,WGS84,GLS2000,WGS84,PREDICTIVE,,,262,218,14.498,7.408,12.462,.589,30,30,UTM,UTM,NORTH_UP,GEOTIFF,Y,7891,7881,CUBIC_CONVOLUTION,7891,7881,,36,,LPGS_12.7.0,L5CPF19850401_19850630.10,7,3,2015-12-02 23:09:37
Y,http://earthexplorer.usgs.gov/browse/tm/176/36/1984/LT51760361984296XXX02_REFL.jpg,LT51760361984296XXX02,LANDSAT_TM,1984-10-22,2015-01-05,176,36,35.55444,32.29527,35.26262,34.30049,33.972,31.86687,33.68553,33.83577,34.62286,33.07473,0,0,0,0,0,0,DAY,38.5123549,148.18970831,1984:296:07:52:29.29913,1984:296:07:52:55.91244,LANDSAT_5,L1T,http://earthexplorer.usgs.gov/order/process?dataset_name=LANDSAT_TM&ordered=LT51760361984296XXX02,TMR_L0RP,WGS84,GLS2000,WGS84,PREDICTIVE,,,184,726,4.195,2.713,3.2,.553,30,30,UTM,NA,NORTH_UP,GEOTIFF,Y,7061,7821,CUBIC_CONVOLUTION,7061,7821,,36,,LPGS_12.5.0,L5CPF19841001_19841231.10,9,,2015-01-05 13:17:03
Y,http://earthexplorer.usgs.gov/browse/tm/176/36/1984/LT51760361984248XXX02_REFL.jpg,LT51760361984248XXX02,LANDSAT_TM,1984-09-04,2015-01-05,176,36,35.57759,32.16384,35.28568,34.16962,33.99516,31.73528,33.70862,33.7047,34.64598,32.94349,0,0,0,0,0,0,DAY,51.98508416,129.79660466,1984:248:07:52:31.04988,1984:248:07:52:57.66269,LANDSAT_5,L1T,http://earthexplorer.usgs.gov/order/process?dataset_name=LANDSAT_TM&ordered=LT51760361984248XXX02,TMR_L0RP,WGS84,GLS2000,WGS84,PREDICTIVE,,,167,624,4.568,3.269,3.191,.169,30,30,UTM,NA,NORTH_UP,GEOTIFF,Y,7071,7841,CUBIC_CONVOLUTION,7071,7841,,36,,LPGS_12.5.0,L5CPF19840701_19840930.10,9,,2015-01-05 13:34:04
Y,http://earthexplorer.usgs.gov/browse/tm/176/36/1984/LT51760361984216AAA07_REFL.jpg,LT51760361984216AAA07,LANDSAT_TM,1984-08-03,2015-12-02,176,36,35.55956,32.22578,35.26771,34.23112,33.97712,31.79735,33.69063,33.76636,34.62797,33.00528,0,0,0,0,0,0,DAY,57,114,1984:216:07:51:49.38508,1984:216:07:52:15.99808,LANDSAT_5,L1T,http://earthexplorer.usgs.gov/order/process?dataset_name=LANDSAT_TM&ordered=LT51760361984216AAA07,TMA_L0RP,WGS84,GLS2000,WGS84,PREDICTIVE,,,199,524,9.041,4.919,7.586,.265,30,30,UTM,UTM,NORTH_UP,GEOTIFF,Y,7891,7891,CUBIC_CONVOLUTION,7891,7891,,36,,LPGS_12.7.0,L5CPF19840701_19840930.10,9,3,2015-12-02 23:10:30
Y,http://earthexplorer.usgs.gov/browse/tm/176/36/1984/LT51760361984200AAA02_REFL.jpg,LT51760361984200AAA02,LANDSAT_TM,1984-07-18,2015-12-02,176,36,35.54779,32.30698,35.25599,34.31204,33.96535,31.87863,33.6789,33.84738,34.61622,33.08639,0,0,0,0,0,0,DAY,59,108,1984:200:07:51:15.32011,1984:200:07:51:41.93311,LANDSAT_5,L1T,http://earthexplorer.usgs.gov/order/process?dataset_name=LANDSAT_TM&ordered=LT51760361984200AAA02,TMA_L0RP,WGS84,GLS2000,WGS84,PREDICTIVE,,,192,501,10.814,4.71,9.734,.296,30,30,UTM,UTM,NORTH_UP,GEOTIFF,Y,7891,7891,CUBIC_CONVOLUTION,7891,7891,,36,,LPGS_12.7.0,L5CPF19840701_19840930.10,7,3,2015-12-02 23:10:56
Y,http://earthexplorer.usgs.gov/browse/tm/176/36/1984/LT51760361984184XXX09_REFL.jpg,LT51760361984184XXX09,LANDSAT_TM,1984-07-02,2015-01-05,176,36,35.5458,32.31938,35.25401,34.32439,33.96335,31.89104,33.67691,33.85975,34.61423,33.09877,0,0,0,0,0,0,DAY,61.31863456,105.77504284,1984:184:07:50:57.83675,1984:184:07:51:24.44963,LANDSAT_5,L1T,http://earthexplorer.usgs.gov/order/process?dataset_name=LANDSAT_TM&ordered=LT51760361984184XXX09,TMR_L0RP,WGS84,GLS2000,WGS84,PREDICTIVE,,,145,552,5.454,4.322,3.327,.248,30,30,UTM,NA,NORTH_UP,GEOTIFF,Y,7061,7831,CUBIC_CONVOLUTION,7061,7831,,36,,LPGS_12.5.0,L5CPF19840701_19840930.10,9,,2015-01-05 13:18:35
